"Time","Concentration","Legend","ResidualsLegend","Path"
0,0,"Simulated Aciclovir Plasma (Aciclovir)","Aciclovir Plasma (Aciclovir)","Organism|PeripheralVenousBlood|Aciclovir|Plasma (Peripheral Venous Blood)"
0.0166666666666667,3.25467395782471,"Simulated Aciclovir Plasma (Aciclovir)","Aciclovir Plasma (Aciclovir)","Organism|PeripheralVenousBlood|Aciclovir|Plasma (Peripheral Venous Blood)"
0.0333333333333333,9.10045909881592,"Simulated Aciclovir Plasma (Aciclovir)","Aciclovir Plasma (Aciclovir)","Organism|PeripheralVenousBlood|Aciclovir|Plasma (Peripheral Venous Blood)"
0.05,15.0166397094727,"Simulated Aciclovir Plasma (Aciclovir)","Aciclovir Plasma (Aciclovir)","Organism|PeripheralVenousBlood|Aciclovir|Plasma (Peripheral Venous Blood)"
0.0666666666666667,20.7261905670166,"Simulated Aciclovir Plasma (Aciclovir)","Aciclovir Plasma (Aciclovir)","Organism|PeripheralVenousBlood|Aciclovir|Plasma (Peripheral Venous Blood)"
0.0833333333333333,26.2011795043945,"Simulated Aciclovir Plasma (Aciclovir)","Aciclovir Plasma (Aciclovir)","Organism|PeripheralVenousBlood|Aciclovir|Plasma (Peripheral Venous Blood)"
0.1,31.4255294799805,"Simulated Aciclovir Plasma (Aciclovir)","Aciclovir Plasma (Aciclovir)","Organism|PeripheralVenousBlood|Aciclovir|Plasma (Peripheral Venous Blood)"
0.116666666666667,36.3836517333984,"Simulated Aciclovir Plasma (Aciclovir)","Aciclovir Plasma (Aciclovir)","Organism|PeripheralVenousBlood|Aciclovir|Plasma (Peripheral Venous Blood)"
0.133333333333333,41.0670700073242,"Simulated Aciclovir Plasma (Aciclovir)","Aciclovir Plasma (Aciclovir)","Organism|PeripheralVenousBlood|Aciclovir|Plasma (Peripheral Venous Blood)"
0.15,45.4762496948242,"Simulated Aciclovir Plasma (Aciclovir)","Aciclovir Plasma (Aciclovir)","Organism|PeripheralVenousBlood|Aciclovir|Plasma (Peripheral Venous Blood)"
0.166666666666667,49.6188011169434,"Simulated Aciclovir Plasma (Aciclovir)","Aciclovir Plasma (Aciclovir)","Organism|PeripheralVenousBlood|Aciclovir|Plasma (Peripheral Venous Blood)"
0.183333333333333,50.2527198791504,"Simulated Aciclovir Plasma (Aciclovir)","Aciclovir Plasma (Aciclovir)","Organism|PeripheralVenousBlood|Aciclovir|Plasma (Peripheral Venous Blood)"
0.2,48.0572509765625,"Simulated Aciclovir Plasma (Aciclovir)","Aciclovir Plasma (Aciclovir)","Organism|PeripheralVenousBlood|Aciclovir|Plasma (Peripheral Venous Blood)"
0.216666666666667,45.5702705383301,"Simulated Aciclovir Plasma (Aciclovir)","Aciclovir Plasma (Aciclovir)","Organism|PeripheralVenousBlood|Aciclovir|Plasma (Peripheral Venous Blood)"
0.233333333333333,43.0863494873047,"Simulated Aciclovir Plasma (Aciclovir)","Aciclovir Plasma (Aciclovir)","Organism|PeripheralVenousBlood|Aciclovir|Plasma (Peripheral Venous Blood)"
0.25,40.6508903503418,"Simulated Aciclovir Plasma (Aciclovir)","Aciclovir Plasma (Aciclovir)","Organism|PeripheralVenousBlood|Aciclovir|Plasma (Peripheral Venous Blood)"
0.3,33.9492988586426,"Simulated Aciclovir Plasma (Aciclovir)","Aciclovir Plasma (Aciclovir)","Organism|PeripheralVenousBlood|Aciclovir|Plasma (Peripheral Venous Blood)"
0.35,28.5383701324463,"Simulated Aciclovir Plasma (Aciclovir)","Aciclovir Plasma (Aciclovir)","Organism|PeripheralVenousBlood|Aciclovir|Plasma (Peripheral Venous Blood)"
0.4,24.4338397979736,"Simulated Aciclovir Plasma (Aciclovir)","Aciclovir Plasma (Aciclovir)","Organism|PeripheralVenousBlood|Aciclovir|Plasma (Peripheral Venous Blood)"
0.45,21.4051094055176,"Simulated Aciclovir Plasma (Aciclovir)","Aciclovir Plasma (Aciclovir)","Organism|PeripheralVenousBlood|Aciclovir|Plasma (Peripheral Venous Blood)"
0.5,19.1922798156738,"Simulated Aciclovir Plasma (Aciclovir)","Aciclovir Plasma (Aciclovir)","Organism|PeripheralVenousBlood|Aciclovir|Plasma (Peripheral Venous Blood)"
0.55,17.5745792388916,"Simulated Aciclovir Plasma (Aciclovir)","Aciclovir Plasma (Aciclovir)","Organism|PeripheralVenousBlood|Aciclovir|Plasma (Peripheral Venous Blood)"
0.6,16.3822002410889,"Simulated Aciclovir Plasma (Aciclovir)","Aciclovir Plasma (Aciclovir)","Organism|PeripheralVenousBlood|Aciclovir|Plasma (Peripheral Venous Blood)"
0.65,15.4904699325562,"Simulated Aciclovir Plasma (Aciclovir)","Aciclovir Plasma (Aciclovir)","Organism|PeripheralVenousBlood|Aciclovir|Plasma (Peripheral Venous Blood)"
0.7,14.8100996017456,"Simulated Aciclovir Plasma (Aciclovir)","Aciclovir Plasma (Aciclovir)","Organism|PeripheralVenousBlood|Aciclovir|Plasma (Peripheral Venous Blood)"
0.75,14.2781000137329,"Simulated Aciclovir Plasma (Aciclovir)","Aciclovir Plasma (Aciclovir)","Organism|PeripheralVenousBlood|Aciclovir|Plasma (Peripheral Venous Blood)"
0.8,13.8502798080444,"Simulated Aciclovir Plasma (Aciclovir)","Aciclovir Plasma (Aciclovir)","Organism|PeripheralVenousBlood|Aciclovir|Plasma (Peripheral Venous Blood)"
0.85,13.4958696365356,"Simulated Aciclovir Plasma (Aciclovir)","Aciclovir Plasma (Aciclovir)","Organism|PeripheralVenousBlood|Aciclovir|Plasma (Peripheral Venous Blood)"
0.9,13.1934900283813,"Simulated Aciclovir Plasma (Aciclovir)","Aciclovir Plasma (Aciclovir)","Organism|PeripheralVenousBlood|Aciclovir|Plasma (Peripheral Venous Blood)"
0.95,12.9282598495483,"Simulated Aciclovir Plasma (Aciclovir)","Aciclovir Plasma (Aciclovir)","Organism|PeripheralVenousBlood|Aciclovir|Plasma (Peripheral Venous Blood)"
1,12.6898097991943,"Simulated Aciclovir Plasma (Aciclovir)","Aciclovir Plasma (Aciclovir)","Organism|PeripheralVenousBlood|Aciclovir|Plasma (Peripheral Venous Blood)"
1.05,12.4709501266479,"Simulated Aciclovir Plasma (Aciclovir)","Aciclovir Plasma (Aciclovir)","Organism|PeripheralVenousBlood|Aciclovir|Plasma (Peripheral Venous Blood)"
1.1,12.2666397094727,"Simulated Aciclovir Plasma (Aciclovir)","Aciclovir Plasma (Aciclovir)","Organism|PeripheralVenousBlood|Aciclovir|Plasma (Peripheral Venous Blood)"
1.15,12.0733499526978,"Simulated Aciclovir Plasma (Aciclovir)","Aciclovir Plasma (Aciclovir)","Organism|PeripheralVenousBlood|Aciclovir|Plasma (Peripheral Venous Blood)"
1.2,11.8885498046875,"Simulated Aciclovir Plasma (Aciclovir)","Aciclovir Plasma (Aciclovir)","Organism|PeripheralVenousBlood|Aciclovir|Plasma (Peripheral Venous Blood)"
1.25,11.710470199585,"Simulated Aciclovir Plasma (Aciclovir)","Aciclovir Plasma (Aciclovir)","Organism|PeripheralVenousBlood|Aciclovir|Plasma (Peripheral Venous Blood)"
1.3,11.5378904342651,"Simulated Aciclovir Plasma (Aciclovir)","Aciclovir Plasma (Aciclovir)","Organism|PeripheralVenousBlood|Aciclovir|Plasma (Peripheral Venous Blood)"
1.35,11.3699398040771,"Simulated Aciclovir Plasma (Aciclovir)","Aciclovir Plasma (Aciclovir)","Organism|PeripheralVenousBlood|Aciclovir|Plasma (Peripheral Venous Blood)"
1.4,11.2060098648071,"Simulated Aciclovir Plasma (Aciclovir)","Aciclovir Plasma (Aciclovir)","Organism|PeripheralVenousBlood|Aciclovir|Plasma (Peripheral Venous Blood)"
1.45,11.045599937439,"Simulated Aciclovir Plasma (Aciclovir)","Aciclovir Plasma (Aciclovir)","Organism|PeripheralVenousBlood|Aciclovir|Plasma (Peripheral Venous Blood)"
1.5,10.8883304595947,"Simulated Aciclovir Plasma (Aciclovir)","Aciclovir Plasma (Aciclovir)","Organism|PeripheralVenousBlood|Aciclovir|Plasma (Peripheral Venous Blood)"
1.55,10.7339496612549,"Simulated Aciclovir Plasma (Aciclovir)","Aciclovir Plasma (Aciclovir)","Organism|PeripheralVenousBlood|Aciclovir|Plasma (Peripheral Venous Blood)"
1.6,10.5822200775146,"Simulated Aciclovir Plasma (Aciclovir)","Aciclovir Plasma (Aciclovir)","Organism|PeripheralVenousBlood|Aciclovir|Plasma (Peripheral Venous Blood)"
1.65,10.4330101013184,"Simulated Aciclovir Plasma (Aciclovir)","Aciclovir Plasma (Aciclovir)","Organism|PeripheralVenousBlood|Aciclovir|Plasma (Peripheral Venous Blood)"
1.7,10.2862195968628,"Simulated Aciclovir Plasma (Aciclovir)","Aciclovir Plasma (Aciclovir)","Organism|PeripheralVenousBlood|Aciclovir|Plasma (Peripheral Venous Blood)"
1.75,10.141770362854,"Simulated Aciclovir Plasma (Aciclovir)","Aciclovir Plasma (Aciclovir)","Organism|PeripheralVenousBlood|Aciclovir|Plasma (Peripheral Venous Blood)"
1.8,9.9995698928833,"Simulated Aciclovir Plasma (Aciclovir)","Aciclovir Plasma (Aciclovir)","Organism|PeripheralVenousBlood|Aciclovir|Plasma (Peripheral Venous Blood)"
1.85,9.85955715179443,"Simulated Aciclovir Plasma (Aciclovir)","Aciclovir Plasma (Aciclovir)","Organism|PeripheralVenousBlood|Aciclovir|Plasma (Peripheral Venous Blood)"
1.9,9.72165203094482,"Simulated Aciclovir Plasma (Aciclovir)","Aciclovir Plasma (Aciclovir)","Organism|PeripheralVenousBlood|Aciclovir|Plasma (Peripheral Venous Blood)"
1.95,9.58580303192139,"Simulated Aciclovir Plasma (Aciclovir)","Aciclovir Plasma (Aciclovir)","Organism|PeripheralVenousBlood|Aciclovir|Plasma (Peripheral Venous Blood)"
2,9.45196056365967,"Simulated Aciclovir Plasma (Aciclovir)","Aciclovir Plasma (Aciclovir)","Organism|PeripheralVenousBlood|Aciclovir|Plasma (Peripheral Venous Blood)"
2.05,9.3200855255127,"Simulated Aciclovir Plasma (Aciclovir)","Aciclovir Plasma (Aciclovir)","Organism|PeripheralVenousBlood|Aciclovir|Plasma (Peripheral Venous Blood)"
2.1,9.19014453887939,"Simulated Aciclovir Plasma (Aciclovir)","Aciclovir Plasma (Aciclovir)","Organism|PeripheralVenousBlood|Aciclovir|Plasma (Peripheral Venous Blood)"
2.15,9.06210136413574,"Simulated Aciclovir Plasma (Aciclovir)","Aciclovir Plasma (Aciclovir)","Organism|PeripheralVenousBlood|Aciclovir|Plasma (Peripheral Venous Blood)"
2.2,8.9359188079834,"Simulated Aciclovir Plasma (Aciclovir)","Aciclovir Plasma (Aciclovir)","Organism|PeripheralVenousBlood|Aciclovir|Plasma (Peripheral Venous Blood)"
2.25,8.81156730651855,"Simulated Aciclovir Plasma (Aciclovir)","Aciclovir Plasma (Aciclovir)","Organism|PeripheralVenousBlood|Aciclovir|Plasma (Peripheral Venous Blood)"
2.3,8.68900203704834,"Simulated Aciclovir Plasma (Aciclovir)","Aciclovir Plasma (Aciclovir)","Organism|PeripheralVenousBlood|Aciclovir|Plasma (Peripheral Venous Blood)"
2.35,8.56820964813232,"Simulated Aciclovir Plasma (Aciclovir)","Aciclovir Plasma (Aciclovir)","Organism|PeripheralVenousBlood|Aciclovir|Plasma (Peripheral Venous Blood)"
2.4,8.44914245605469,"Simulated Aciclovir Plasma (Aciclovir)","Aciclovir Plasma (Aciclovir)","Organism|PeripheralVenousBlood|Aciclovir|Plasma (Peripheral Venous Blood)"
2.45,8.33177471160889,"Simulated Aciclovir Plasma (Aciclovir)","Aciclovir Plasma (Aciclovir)","Organism|PeripheralVenousBlood|Aciclovir|Plasma (Peripheral Venous Blood)"
2.5,8.21608352661133,"Simulated Aciclovir Plasma (Aciclovir)","Aciclovir Plasma (Aciclovir)","Organism|PeripheralVenousBlood|Aciclovir|Plasma (Peripheral Venous Blood)"
2.55,8.1020393371582,"Simulated Aciclovir Plasma (Aciclovir)","Aciclovir Plasma (Aciclovir)","Organism|PeripheralVenousBlood|Aciclovir|Plasma (Peripheral Venous Blood)"
2.6,7.98961877822876,"Simulated Aciclovir Plasma (Aciclovir)","Aciclovir Plasma (Aciclovir)","Organism|PeripheralVenousBlood|Aciclovir|Plasma (Peripheral Venous Blood)"
2.65,7.8787989616394,"Simulated Aciclovir Plasma (Aciclovir)","Aciclovir Plasma (Aciclovir)","Organism|PeripheralVenousBlood|Aciclovir|Plasma (Peripheral Venous Blood)"
2.7,7.76955604553223,"Simulated Aciclovir Plasma (Aciclovir)","Aciclovir Plasma (Aciclovir)","Organism|PeripheralVenousBlood|Aciclovir|Plasma (Peripheral Venous Blood)"
2.75,7.66186714172363,"Simulated Aciclovir Plasma (Aciclovir)","Aciclovir Plasma (Aciclovir)","Organism|PeripheralVenousBlood|Aciclovir|Plasma (Peripheral Venous Blood)"
2.8,7.55570888519287,"Simulated Aciclovir Plasma (Aciclovir)","Aciclovir Plasma (Aciclovir)","Organism|PeripheralVenousBlood|Aciclovir|Plasma (Peripheral Venous Blood)"
2.85,7.45105695724487,"Simulated Aciclovir Plasma (Aciclovir)","Aciclovir Plasma (Aciclovir)","Organism|PeripheralVenousBlood|Aciclovir|Plasma (Peripheral Venous Blood)"
2.9,7.3478889465332,"Simulated Aciclovir Plasma (Aciclovir)","Aciclovir Plasma (Aciclovir)","Organism|PeripheralVenousBlood|Aciclovir|Plasma (Peripheral Venous Blood)"
2.95,7.24618577957153,"Simulated Aciclovir Plasma (Aciclovir)","Aciclovir Plasma (Aciclovir)","Organism|PeripheralVenousBlood|Aciclovir|Plasma (Peripheral Venous Blood)"
3,7.14592409133911,"Simulated Aciclovir Plasma (Aciclovir)","Aciclovir Plasma (Aciclovir)","Organism|PeripheralVenousBlood|Aciclovir|Plasma (Peripheral Venous Blood)"
3.05,7.04707717895508,"Simulated Aciclovir Plasma (Aciclovir)","Aciclovir Plasma (Aciclovir)","Organism|PeripheralVenousBlood|Aciclovir|Plasma (Peripheral Venous Blood)"
3.1,6.94962215423584,"Simulated Aciclovir Plasma (Aciclovir)","Aciclovir Plasma (Aciclovir)","Organism|PeripheralVenousBlood|Aciclovir|Plasma (Peripheral Venous Blood)"
3.15,6.85355091094971,"Simulated Aciclovir Plasma (Aciclovir)","Aciclovir Plasma (Aciclovir)","Organism|PeripheralVenousBlood|Aciclovir|Plasma (Peripheral Venous Blood)"
3.2,6.75883293151855,"Simulated Aciclovir Plasma (Aciclovir)","Aciclovir Plasma (Aciclovir)","Organism|PeripheralVenousBlood|Aciclovir|Plasma (Peripheral Venous Blood)"
3.25,6.66544723510742,"Simulated Aciclovir Plasma (Aciclovir)","Aciclovir Plasma (Aciclovir)","Organism|PeripheralVenousBlood|Aciclovir|Plasma (Peripheral Venous Blood)"
3.3,6.57337379455566,"Simulated Aciclovir Plasma (Aciclovir)","Aciclovir Plasma (Aciclovir)","Organism|PeripheralVenousBlood|Aciclovir|Plasma (Peripheral Venous Blood)"
3.35,6.48260116577148,"Simulated Aciclovir Plasma (Aciclovir)","Aciclovir Plasma (Aciclovir)","Organism|PeripheralVenousBlood|Aciclovir|Plasma (Peripheral Venous Blood)"
3.4,6.39310598373413,"Simulated Aciclovir Plasma (Aciclovir)","Aciclovir Plasma (Aciclovir)","Organism|PeripheralVenousBlood|Aciclovir|Plasma (Peripheral Venous Blood)"
3.45,6.30486679077148,"Simulated Aciclovir Plasma (Aciclovir)","Aciclovir Plasma (Aciclovir)","Organism|PeripheralVenousBlood|Aciclovir|Plasma (Peripheral Venous Blood)"
3.5,6.21787023544312,"Simulated Aciclovir Plasma (Aciclovir)","Aciclovir Plasma (Aciclovir)","Organism|PeripheralVenousBlood|Aciclovir|Plasma (Peripheral Venous Blood)"
3.55,6.13209676742554,"Simulated Aciclovir Plasma (Aciclovir)","Aciclovir Plasma (Aciclovir)","Organism|PeripheralVenousBlood|Aciclovir|Plasma (Peripheral Venous Blood)"
3.6,6.04753112792969,"Simulated Aciclovir Plasma (Aciclovir)","Aciclovir Plasma (Aciclovir)","Organism|PeripheralVenousBlood|Aciclovir|Plasma (Peripheral Venous Blood)"
3.65,5.96415615081787,"Simulated Aciclovir Plasma (Aciclovir)","Aciclovir Plasma (Aciclovir)","Organism|PeripheralVenousBlood|Aciclovir|Plasma (Peripheral Venous Blood)"
3.7,5.88195180892944,"Simulated Aciclovir Plasma (Aciclovir)","Aciclovir Plasma (Aciclovir)","Organism|PeripheralVenousBlood|Aciclovir|Plasma (Peripheral Venous Blood)"
3.75,5.80090379714966,"Simulated Aciclovir Plasma (Aciclovir)","Aciclovir Plasma (Aciclovir)","Organism|PeripheralVenousBlood|Aciclovir|Plasma (Peripheral Venous Blood)"
3.8,5.72099590301514,"Simulated Aciclovir Plasma (Aciclovir)","Aciclovir Plasma (Aciclovir)","Organism|PeripheralVenousBlood|Aciclovir|Plasma (Peripheral Venous Blood)"
3.85,5.64221096038818,"Simulated Aciclovir Plasma (Aciclovir)","Aciclovir Plasma (Aciclovir)","Organism|PeripheralVenousBlood|Aciclovir|Plasma (Peripheral Venous Blood)"
3.9,5.56453323364258,"Simulated Aciclovir Plasma (Aciclovir)","Aciclovir Plasma (Aciclovir)","Organism|PeripheralVenousBlood|Aciclovir|Plasma (Peripheral Venous Blood)"
3.95,5.48794507980347,"Simulated Aciclovir Plasma (Aciclovir)","Aciclovir Plasma (Aciclovir)","Organism|PeripheralVenousBlood|Aciclovir|Plasma (Peripheral Venous Blood)"
4,5.4124321937561,"Simulated Aciclovir Plasma (Aciclovir)","Aciclovir Plasma (Aciclovir)","Organism|PeripheralVenousBlood|Aciclovir|Plasma (Peripheral Venous Blood)"
4.05,5.33797693252563,"Simulated Aciclovir Plasma (Aciclovir)","Aciclovir Plasma (Aciclovir)","Organism|PeripheralVenousBlood|Aciclovir|Plasma (Peripheral Venous Blood)"
4.1,5.26456785202026,"Simulated Aciclovir Plasma (Aciclovir)","Aciclovir Plasma (Aciclovir)","Organism|PeripheralVenousBlood|Aciclovir|Plasma (Peripheral Venous Blood)"
4.15,5.19218683242798,"Simulated Aciclovir Plasma (Aciclovir)","Aciclovir Plasma (Aciclovir)","Organism|PeripheralVenousBlood|Aciclovir|Plasma (Peripheral Venous Blood)"
4.2,5.12082004547119,"Simulated Aciclovir Plasma (Aciclovir)","Aciclovir Plasma (Aciclovir)","Organism|PeripheralVenousBlood|Aciclovir|Plasma (Peripheral Venous Blood)"
4.25,5.05045318603516,"Simulated Aciclovir Plasma (Aciclovir)","Aciclovir Plasma (Aciclovir)","Organism|PeripheralVenousBlood|Aciclovir|Plasma (Peripheral Venous Blood)"
4.3,4.98107099533081,"Simulated Aciclovir Plasma (Aciclovir)","Aciclovir Plasma (Aciclovir)","Organism|PeripheralVenousBlood|Aciclovir|Plasma (Peripheral Venous Blood)"
4.35,4.91266202926636,"Simulated Aciclovir Plasma (Aciclovir)","Aciclovir Plasma (Aciclovir)","Organism|PeripheralVenousBlood|Aciclovir|Plasma (Peripheral Venous Blood)"
4.4,4.84521102905273,"Simulated Aciclovir Plasma (Aciclovir)","Aciclovir Plasma (Aciclovir)","Organism|PeripheralVenousBlood|Aciclovir|Plasma (Peripheral Venous Blood)"
4.45,4.77870321273804,"Simulated Aciclovir Plasma (Aciclovir)","Aciclovir Plasma (Aciclovir)","Organism|PeripheralVenousBlood|Aciclovir|Plasma (Peripheral Venous Blood)"
4.5,4.71312713623047,"Simulated Aciclovir Plasma (Aciclovir)","Aciclovir Plasma (Aciclovir)","Organism|PeripheralVenousBlood|Aciclovir|Plasma (Peripheral Venous Blood)"
4.55,4.64846897125244,"Simulated Aciclovir Plasma (Aciclovir)","Aciclovir Plasma (Aciclovir)","Organism|PeripheralVenousBlood|Aciclovir|Plasma (Peripheral Venous Blood)"
4.6,4.58471584320068,"Simulated Aciclovir Plasma (Aciclovir)","Aciclovir Plasma (Aciclovir)","Organism|PeripheralVenousBlood|Aciclovir|Plasma (Peripheral Venous Blood)"
4.65,4.52185583114624,"Simulated Aciclovir Plasma (Aciclovir)","Aciclovir Plasma (Aciclovir)","Organism|PeripheralVenousBlood|Aciclovir|Plasma (Peripheral Venous Blood)"
4.7,4.45987415313721,"Simulated Aciclovir Plasma (Aciclovir)","Aciclovir Plasma (Aciclovir)","Organism|PeripheralVenousBlood|Aciclovir|Plasma (Peripheral Venous Blood)"
4.75,4.39875984191895,"Simulated Aciclovir Plasma (Aciclovir)","Aciclovir Plasma (Aciclovir)","Organism|PeripheralVenousBlood|Aciclovir|Plasma (Peripheral Venous Blood)"
4.8,4.33849906921387,"Simulated Aciclovir Plasma (Aciclovir)","Aciclovir Plasma (Aciclovir)","Organism|PeripheralVenousBlood|Aciclovir|Plasma (Peripheral Venous Blood)"
4.85,4.27908086776733,"Simulated Aciclovir Plasma (Aciclovir)","Aciclovir Plasma (Aciclovir)","Organism|PeripheralVenousBlood|Aciclovir|Plasma (Peripheral Venous Blood)"
4.9,4.22049379348755,"Simulated Aciclovir Plasma (Aciclovir)","Aciclovir Plasma (Aciclovir)","Organism|PeripheralVenousBlood|Aciclovir|Plasma (Peripheral Venous Blood)"
4.95,4.16272401809692,"Simulated Aciclovir Plasma (Aciclovir)","Aciclovir Plasma (Aciclovir)","Organism|PeripheralVenousBlood|Aciclovir|Plasma (Peripheral Venous Blood)"
5,4.10576200485229,"Simulated Aciclovir Plasma (Aciclovir)","Aciclovir Plasma (Aciclovir)","Organism|PeripheralVenousBlood|Aciclovir|Plasma (Peripheral Venous Blood)"
5.05,4.04959487915039,"Simulated Aciclovir Plasma (Aciclovir)","Aciclovir Plasma (Aciclovir)","Organism|PeripheralVenousBlood|Aciclovir|Plasma (Peripheral Venous Blood)"
5.1,3.99421191215515,"Simulated Aciclovir Plasma (Aciclovir)","Aciclovir Plasma (Aciclovir)","Organism|PeripheralVenousBlood|Aciclovir|Plasma (Peripheral Venous Blood)"
5.15,3.93960309028625,"Simulated Aciclovir Plasma (Aciclovir)","Aciclovir Plasma (Aciclovir)","Organism|PeripheralVenousBlood|Aciclovir|Plasma (Peripheral Venous Blood)"
5.2,3.88575506210327,"Simulated Aciclovir Plasma (Aciclovir)","Aciclovir Plasma (Aciclovir)","Organism|PeripheralVenousBlood|Aciclovir|Plasma (Peripheral Venous Blood)"
5.25,3.83265900611877,"Simulated Aciclovir Plasma (Aciclovir)","Aciclovir Plasma (Aciclovir)","Organism|PeripheralVenousBlood|Aciclovir|Plasma (Peripheral Venous Blood)"
5.3,3.78030395507812,"Simulated Aciclovir Plasma (Aciclovir)","Aciclovir Plasma (Aciclovir)","Organism|PeripheralVenousBlood|Aciclovir|Plasma (Peripheral Venous Blood)"
5.35,3.72867894172668,"Simulated Aciclovir Plasma (Aciclovir)","Aciclovir Plasma (Aciclovir)","Organism|PeripheralVenousBlood|Aciclovir|Plasma (Peripheral Venous Blood)"
5.4,3.67777395248413,"Simulated Aciclovir Plasma (Aciclovir)","Aciclovir Plasma (Aciclovir)","Organism|PeripheralVenousBlood|Aciclovir|Plasma (Peripheral Venous Blood)"
5.45,3.62757802009583,"Simulated Aciclovir Plasma (Aciclovir)","Aciclovir Plasma (Aciclovir)","Organism|PeripheralVenousBlood|Aciclovir|Plasma (Peripheral Venous Blood)"
5.5,3.57808303833008,"Simulated Aciclovir Plasma (Aciclovir)","Aciclovir Plasma (Aciclovir)","Organism|PeripheralVenousBlood|Aciclovir|Plasma (Peripheral Venous Blood)"
5.55,3.52927708625793,"Simulated Aciclovir Plasma (Aciclovir)","Aciclovir Plasma (Aciclovir)","Organism|PeripheralVenousBlood|Aciclovir|Plasma (Peripheral Venous Blood)"
5.6,3.48115110397339,"Simulated Aciclovir Plasma (Aciclovir)","Aciclovir Plasma (Aciclovir)","Organism|PeripheralVenousBlood|Aciclovir|Plasma (Peripheral Venous Blood)"
5.65,3.43369507789612,"Simulated Aciclovir Plasma (Aciclovir)","Aciclovir Plasma (Aciclovir)","Organism|PeripheralVenousBlood|Aciclovir|Plasma (Peripheral Venous Blood)"
5.7,3.38690090179443,"Simulated Aciclovir Plasma (Aciclovir)","Aciclovir Plasma (Aciclovir)","Organism|PeripheralVenousBlood|Aciclovir|Plasma (Peripheral Venous Blood)"
5.75,3.34075808525085,"Simulated Aciclovir Plasma (Aciclovir)","Aciclovir Plasma (Aciclovir)","Organism|PeripheralVenousBlood|Aciclovir|Plasma (Peripheral Venous Blood)"
5.8,3.29525709152222,"Simulated Aciclovir Plasma (Aciclovir)","Aciclovir Plasma (Aciclovir)","Organism|PeripheralVenousBlood|Aciclovir|Plasma (Peripheral Venous Blood)"
5.85,3.25039005279541,"Simulated Aciclovir Plasma (Aciclovir)","Aciclovir Plasma (Aciclovir)","Organism|PeripheralVenousBlood|Aciclovir|Plasma (Peripheral Venous Blood)"
5.9,3.20614695549011,"Simulated Aciclovir Plasma (Aciclovir)","Aciclovir Plasma (Aciclovir)","Organism|PeripheralVenousBlood|Aciclovir|Plasma (Peripheral Venous Blood)"
5.95,3.1625189781189,"Simulated Aciclovir Plasma (Aciclovir)","Aciclovir Plasma (Aciclovir)","Organism|PeripheralVenousBlood|Aciclovir|Plasma (Peripheral Venous Blood)"
6,3.11949896812439,"Simulated Aciclovir Plasma (Aciclovir)","Aciclovir Plasma (Aciclovir)","Organism|PeripheralVenousBlood|Aciclovir|Plasma (Peripheral Venous Blood)"
6.05,3.07707595825195,"Simulated Aciclovir Plasma (Aciclovir)","Aciclovir Plasma (Aciclovir)","Organism|PeripheralVenousBlood|Aciclovir|Plasma (Peripheral Venous Blood)"
6.1,3.03524398803711,"Simulated Aciclovir Plasma (Aciclovir)","Aciclovir Plasma (Aciclovir)","Organism|PeripheralVenousBlood|Aciclovir|Plasma (Peripheral Venous Blood)"
6.15,2.99399209022522,"Simulated Aciclovir Plasma (Aciclovir)","Aciclovir Plasma (Aciclovir)","Organism|PeripheralVenousBlood|Aciclovir|Plasma (Peripheral Venous Blood)"
6.2,2.95331406593323,"Simulated Aciclovir Plasma (Aciclovir)","Aciclovir Plasma (Aciclovir)","Organism|PeripheralVenousBlood|Aciclovir|Plasma (Peripheral Venous Blood)"
6.25,2.91320204734802,"Simulated Aciclovir Plasma (Aciclovir)","Aciclovir Plasma (Aciclovir)","Organism|PeripheralVenousBlood|Aciclovir|Plasma (Peripheral Venous Blood)"
6.3,2.87364602088928,"Simulated Aciclovir Plasma (Aciclovir)","Aciclovir Plasma (Aciclovir)","Organism|PeripheralVenousBlood|Aciclovir|Plasma (Peripheral Venous Blood)"
6.35,2.83464002609253,"Simulated Aciclovir Plasma (Aciclovir)","Aciclovir Plasma (Aciclovir)","Organism|PeripheralVenousBlood|Aciclovir|Plasma (Peripheral Venous Blood)"
6.4,2.79617500305176,"Simulated Aciclovir Plasma (Aciclovir)","Aciclovir Plasma (Aciclovir)","Organism|PeripheralVenousBlood|Aciclovir|Plasma (Peripheral Venous Blood)"
6.45,2.75824403762817,"Simulated Aciclovir Plasma (Aciclovir)","Aciclovir Plasma (Aciclovir)","Organism|PeripheralVenousBlood|Aciclovir|Plasma (Peripheral Venous Blood)"
6.5,2.7208399772644,"Simulated Aciclovir Plasma (Aciclovir)","Aciclovir Plasma (Aciclovir)","Organism|PeripheralVenousBlood|Aciclovir|Plasma (Peripheral Venous Blood)"
6.55,2.68395495414734,"Simulated Aciclovir Plasma (Aciclovir)","Aciclovir Plasma (Aciclovir)","Organism|PeripheralVenousBlood|Aciclovir|Plasma (Peripheral Venous Blood)"
6.6,2.64758110046387,"Simulated Aciclovir Plasma (Aciclovir)","Aciclovir Plasma (Aciclovir)","Organism|PeripheralVenousBlood|Aciclovir|Plasma (Peripheral Venous Blood)"
6.65,2.61171197891235,"Simulated Aciclovir Plasma (Aciclovir)","Aciclovir Plasma (Aciclovir)","Organism|PeripheralVenousBlood|Aciclovir|Plasma (Peripheral Venous Blood)"
6.7,2.57633996009827,"Simulated Aciclovir Plasma (Aciclovir)","Aciclovir Plasma (Aciclovir)","Organism|PeripheralVenousBlood|Aciclovir|Plasma (Peripheral Venous Blood)"
6.75,2.54145908355713,"Simulated Aciclovir Plasma (Aciclovir)","Aciclovir Plasma (Aciclovir)","Organism|PeripheralVenousBlood|Aciclovir|Plasma (Peripheral Venous Blood)"
6.8,2.50706100463867,"Simulated Aciclovir Plasma (Aciclovir)","Aciclovir Plasma (Aciclovir)","Organism|PeripheralVenousBlood|Aciclovir|Plasma (Peripheral Venous Blood)"
6.85,2.473140001297,"Simulated Aciclovir Plasma (Aciclovir)","Aciclovir Plasma (Aciclovir)","Organism|PeripheralVenousBlood|Aciclovir|Plasma (Peripheral Venous Blood)"
6.9,2.43968796730042,"Simulated Aciclovir Plasma (Aciclovir)","Aciclovir Plasma (Aciclovir)","Organism|PeripheralVenousBlood|Aciclovir|Plasma (Peripheral Venous Blood)"
6.95,2.40669989585876,"Simulated Aciclovir Plasma (Aciclovir)","Aciclovir Plasma (Aciclovir)","Organism|PeripheralVenousBlood|Aciclovir|Plasma (Peripheral Venous Blood)"
7,2.37416911125183,"Simulated Aciclovir Plasma (Aciclovir)","Aciclovir Plasma (Aciclovir)","Organism|PeripheralVenousBlood|Aciclovir|Plasma (Peripheral Venous Blood)"
7.05,2.34208798408508,"Simulated Aciclovir Plasma (Aciclovir)","Aciclovir Plasma (Aciclovir)","Organism|PeripheralVenousBlood|Aciclovir|Plasma (Peripheral Venous Blood)"
7.1,2.3104510307312,"Simulated Aciclovir Plasma (Aciclovir)","Aciclovir Plasma (Aciclovir)","Organism|PeripheralVenousBlood|Aciclovir|Plasma (Peripheral Venous Blood)"
7.15,2.27925205230713,"Simulated Aciclovir Plasma (Aciclovir)","Aciclovir Plasma (Aciclovir)","Organism|PeripheralVenousBlood|Aciclovir|Plasma (Peripheral Venous Blood)"
7.2,2.24848389625549,"Simulated Aciclovir Plasma (Aciclovir)","Aciclovir Plasma (Aciclovir)","Organism|PeripheralVenousBlood|Aciclovir|Plasma (Peripheral Venous Blood)"
7.25,2.21814203262329,"Simulated Aciclovir Plasma (Aciclovir)","Aciclovir Plasma (Aciclovir)","Organism|PeripheralVenousBlood|Aciclovir|Plasma (Peripheral Venous Blood)"
7.3,2.18821907043457,"Simulated Aciclovir Plasma (Aciclovir)","Aciclovir Plasma (Aciclovir)","Organism|PeripheralVenousBlood|Aciclovir|Plasma (Peripheral Venous Blood)"
7.35,2.15871000289917,"Simulated Aciclovir Plasma (Aciclovir)","Aciclovir Plasma (Aciclovir)","Organism|PeripheralVenousBlood|Aciclovir|Plasma (Peripheral Venous Blood)"
7.4,2.12960910797119,"Simulated Aciclovir Plasma (Aciclovir)","Aciclovir Plasma (Aciclovir)","Organism|PeripheralVenousBlood|Aciclovir|Plasma (Peripheral Venous Blood)"
7.45,2.100909948349,"Simulated Aciclovir Plasma (Aciclovir)","Aciclovir Plasma (Aciclovir)","Organism|PeripheralVenousBlood|Aciclovir|Plasma (Peripheral Venous Blood)"
7.5,2.07260799407959,"Simulated Aciclovir Plasma (Aciclovir)","Aciclovir Plasma (Aciclovir)","Organism|PeripheralVenousBlood|Aciclovir|Plasma (Peripheral Venous Blood)"
7.55,2.04469609260559,"Simulated Aciclovir Plasma (Aciclovir)","Aciclovir Plasma (Aciclovir)","Organism|PeripheralVenousBlood|Aciclovir|Plasma (Peripheral Venous Blood)"
7.6,2.01716995239258,"Simulated Aciclovir Plasma (Aciclovir)","Aciclovir Plasma (Aciclovir)","Organism|PeripheralVenousBlood|Aciclovir|Plasma (Peripheral Venous Blood)"
7.65,1.99002301692963,"Simulated Aciclovir Plasma (Aciclovir)","Aciclovir Plasma (Aciclovir)","Organism|PeripheralVenousBlood|Aciclovir|Plasma (Peripheral Venous Blood)"
7.7,1.96325099468231,"Simulated Aciclovir Plasma (Aciclovir)","Aciclovir Plasma (Aciclovir)","Organism|PeripheralVenousBlood|Aciclovir|Plasma (Peripheral Venous Blood)"
7.75,1.93684804439545,"Simulated Aciclovir Plasma (Aciclovir)","Aciclovir Plasma (Aciclovir)","Organism|PeripheralVenousBlood|Aciclovir|Plasma (Peripheral Venous Blood)"
7.8,1.91080904006958,"Simulated Aciclovir Plasma (Aciclovir)","Aciclovir Plasma (Aciclovir)","Organism|PeripheralVenousBlood|Aciclovir|Plasma (Peripheral Venous Blood)"
7.85,1.88512897491455,"Simulated Aciclovir Plasma (Aciclovir)","Aciclovir Plasma (Aciclovir)","Organism|PeripheralVenousBlood|Aciclovir|Plasma (Peripheral Venous Blood)"
7.9,1.85980403423309,"Simulated Aciclovir Plasma (Aciclovir)","Aciclovir Plasma (Aciclovir)","Organism|PeripheralVenousBlood|Aciclovir|Plasma (Peripheral Venous Blood)"
7.95,1.83482694625854,"Simulated Aciclovir Plasma (Aciclovir)","Aciclovir Plasma (Aciclovir)","Organism|PeripheralVenousBlood|Aciclovir|Plasma (Peripheral Venous Blood)"
8,1.81019496917725,"Simulated Aciclovir Plasma (Aciclovir)","Aciclovir Plasma (Aciclovir)","Organism|PeripheralVenousBlood|Aciclovir|Plasma (Peripheral Venous Blood)"
8.05,1.78590202331543,"Simulated Aciclovir Plasma (Aciclovir)","Aciclovir Plasma (Aciclovir)","Organism|PeripheralVenousBlood|Aciclovir|Plasma (Peripheral Venous Blood)"
8.1,1.76194298267365,"Simulated Aciclovir Plasma (Aciclovir)","Aciclovir Plasma (Aciclovir)","Organism|PeripheralVenousBlood|Aciclovir|Plasma (Peripheral Venous Blood)"
8.15,1.73831403255463,"Simulated Aciclovir Plasma (Aciclovir)","Aciclovir Plasma (Aciclovir)","Organism|PeripheralVenousBlood|Aciclovir|Plasma (Peripheral Venous Blood)"
8.2,1.71501004695892,"Simulated Aciclovir Plasma (Aciclovir)","Aciclovir Plasma (Aciclovir)","Organism|PeripheralVenousBlood|Aciclovir|Plasma (Peripheral Venous Blood)"
8.25,1.69202697277069,"Simulated Aciclovir Plasma (Aciclovir)","Aciclovir Plasma (Aciclovir)","Organism|PeripheralVenousBlood|Aciclovir|Plasma (Peripheral Venous Blood)"
8.3,1.66935896873474,"Simulated Aciclovir Plasma (Aciclovir)","Aciclovir Plasma (Aciclovir)","Organism|PeripheralVenousBlood|Aciclovir|Plasma (Peripheral Venous Blood)"
8.35,1.64700400829315,"Simulated Aciclovir Plasma (Aciclovir)","Aciclovir Plasma (Aciclovir)","Organism|PeripheralVenousBlood|Aciclovir|Plasma (Peripheral Venous Blood)"
8.4,1.62495601177216,"Simulated Aciclovir Plasma (Aciclovir)","Aciclovir Plasma (Aciclovir)","Organism|PeripheralVenousBlood|Aciclovir|Plasma (Peripheral Venous Blood)"
8.45,1.6032110452652,"Simulated Aciclovir Plasma (Aciclovir)","Aciclovir Plasma (Aciclovir)","Organism|PeripheralVenousBlood|Aciclovir|Plasma (Peripheral Venous Blood)"
8.5,1.58176398277283,"Simulated Aciclovir Plasma (Aciclovir)","Aciclovir Plasma (Aciclovir)","Organism|PeripheralVenousBlood|Aciclovir|Plasma (Peripheral Venous Blood)"
8.55,1.5606130361557,"Simulated Aciclovir Plasma (Aciclovir)","Aciclovir Plasma (Aciclovir)","Organism|PeripheralVenousBlood|Aciclovir|Plasma (Peripheral Venous Blood)"
8.6,1.53975105285645,"Simulated Aciclovir Plasma (Aciclovir)","Aciclovir Plasma (Aciclovir)","Organism|PeripheralVenousBlood|Aciclovir|Plasma (Peripheral Venous Blood)"
8.65,1.51917600631714,"Simulated Aciclovir Plasma (Aciclovir)","Aciclovir Plasma (Aciclovir)","Organism|PeripheralVenousBlood|Aciclovir|Plasma (Peripheral Venous Blood)"
8.7,1.49888300895691,"Simulated Aciclovir Plasma (Aciclovir)","Aciclovir Plasma (Aciclovir)","Organism|PeripheralVenousBlood|Aciclovir|Plasma (Peripheral Venous Blood)"
8.75,1.47886896133423,"Simulated Aciclovir Plasma (Aciclovir)","Aciclovir Plasma (Aciclovir)","Organism|PeripheralVenousBlood|Aciclovir|Plasma (Peripheral Venous Blood)"
8.8,1.45912897586823,"Simulated Aciclovir Plasma (Aciclovir)","Aciclovir Plasma (Aciclovir)","Organism|PeripheralVenousBlood|Aciclovir|Plasma (Peripheral Venous Blood)"
8.85,1.43965995311737,"Simulated Aciclovir Plasma (Aciclovir)","Aciclovir Plasma (Aciclovir)","Organism|PeripheralVenousBlood|Aciclovir|Plasma (Peripheral Venous Blood)"
8.9,1.42045795917511,"Simulated Aciclovir Plasma (Aciclovir)","Aciclovir Plasma (Aciclovir)","Organism|PeripheralVenousBlood|Aciclovir|Plasma (Peripheral Venous Blood)"
8.95,1.4015189409256,"Simulated Aciclovir Plasma (Aciclovir)","Aciclovir Plasma (Aciclovir)","Organism|PeripheralVenousBlood|Aciclovir|Plasma (Peripheral Venous Blood)"
9,1.38283896446228,"Simulated Aciclovir Plasma (Aciclovir)","Aciclovir Plasma (Aciclovir)","Organism|PeripheralVenousBlood|Aciclovir|Plasma (Peripheral Venous Blood)"
9.05,1.36441504955292,"Simulated Aciclovir Plasma (Aciclovir)","Aciclovir Plasma (Aciclovir)","Organism|PeripheralVenousBlood|Aciclovir|Plasma (Peripheral Venous Blood)"
9.1,1.34624397754669,"Simulated Aciclovir Plasma (Aciclovir)","Aciclovir Plasma (Aciclovir)","Organism|PeripheralVenousBlood|Aciclovir|Plasma (Peripheral Venous Blood)"
9.15,1.32832098007202,"Simulated Aciclovir Plasma (Aciclovir)","Aciclovir Plasma (Aciclovir)","Organism|PeripheralVenousBlood|Aciclovir|Plasma (Peripheral Venous Blood)"
9.2,1.31064403057098,"Simulated Aciclovir Plasma (Aciclovir)","Aciclovir Plasma (Aciclovir)","Organism|PeripheralVenousBlood|Aciclovir|Plasma (Peripheral Venous Blood)"
9.25,1.29320800304413,"Simulated Aciclovir Plasma (Aciclovir)","Aciclovir Plasma (Aciclovir)","Organism|PeripheralVenousBlood|Aciclovir|Plasma (Peripheral Venous Blood)"
9.3,1.27601099014282,"Simulated Aciclovir Plasma (Aciclovir)","Aciclovir Plasma (Aciclovir)","Organism|PeripheralVenousBlood|Aciclovir|Plasma (Peripheral Venous Blood)"
9.35,1.25904905796051,"Simulated Aciclovir Plasma (Aciclovir)","Aciclovir Plasma (Aciclovir)","Organism|PeripheralVenousBlood|Aciclovir|Plasma (Peripheral Venous Blood)"
9.4,1.24231898784637,"Simulated Aciclovir Plasma (Aciclovir)","Aciclovir Plasma (Aciclovir)","Organism|PeripheralVenousBlood|Aciclovir|Plasma (Peripheral Venous Blood)"
9.45,1.22581803798676,"Simulated Aciclovir Plasma (Aciclovir)","Aciclovir Plasma (Aciclovir)","Organism|PeripheralVenousBlood|Aciclovir|Plasma (Peripheral Venous Blood)"
9.5,1.20954203605652,"Simulated Aciclovir Plasma (Aciclovir)","Aciclovir Plasma (Aciclovir)","Organism|PeripheralVenousBlood|Aciclovir|Plasma (Peripheral Venous Blood)"
9.55,1.19348800182343,"Simulated Aciclovir Plasma (Aciclovir)","Aciclovir Plasma (Aciclovir)","Organism|PeripheralVenousBlood|Aciclovir|Plasma (Peripheral Venous Blood)"
9.6,1.17765402793884,"Simulated Aciclovir Plasma (Aciclovir)","Aciclovir Plasma (Aciclovir)","Organism|PeripheralVenousBlood|Aciclovir|Plasma (Peripheral Venous Blood)"
9.65,1.16203498840332,"Simulated Aciclovir Plasma (Aciclovir)","Aciclovir Plasma (Aciclovir)","Organism|PeripheralVenousBlood|Aciclovir|Plasma (Peripheral Venous Blood)"
9.7,1.14663004875183,"Simulated Aciclovir Plasma (Aciclovir)","Aciclovir Plasma (Aciclovir)","Organism|PeripheralVenousBlood|Aciclovir|Plasma (Peripheral Venous Blood)"
9.75,1.13143503665924,"Simulated Aciclovir Plasma (Aciclovir)","Aciclovir Plasma (Aciclovir)","Organism|PeripheralVenousBlood|Aciclovir|Plasma (Peripheral Venous Blood)"
9.8,1.11644697189331,"Simulated Aciclovir Plasma (Aciclovir)","Aciclovir Plasma (Aciclovir)","Organism|PeripheralVenousBlood|Aciclovir|Plasma (Peripheral Venous Blood)"
9.85,1.10166394710541,"Simulated Aciclovir Plasma (Aciclovir)","Aciclovir Plasma (Aciclovir)","Organism|PeripheralVenousBlood|Aciclovir|Plasma (Peripheral Venous Blood)"
9.9,1.08708202838898,"Simulated Aciclovir Plasma (Aciclovir)","Aciclovir Plasma (Aciclovir)","Organism|PeripheralVenousBlood|Aciclovir|Plasma (Peripheral Venous Blood)"
9.95,1.0726979970932,"Simulated Aciclovir Plasma (Aciclovir)","Aciclovir Plasma (Aciclovir)","Organism|PeripheralVenousBlood|Aciclovir|Plasma (Peripheral Venous Blood)"
10,1.05851101875305,"Simulated Aciclovir Plasma (Aciclovir)","Aciclovir Plasma (Aciclovir)","Organism|PeripheralVenousBlood|Aciclovir|Plasma (Peripheral Venous Blood)"
10.05,1.04451704025269,"Simulated Aciclovir Plasma (Aciclovir)","Aciclovir Plasma (Aciclovir)","Organism|PeripheralVenousBlood|Aciclovir|Plasma (Peripheral Venous Blood)"
10.1,1.03071403503418,"Simulated Aciclovir Plasma (Aciclovir)","Aciclovir Plasma (Aciclovir)","Organism|PeripheralVenousBlood|Aciclovir|Plasma (Peripheral Venous Blood)"
10.15,1.01709794998169,"Simulated Aciclovir Plasma (Aciclovir)","Aciclovir Plasma (Aciclovir)","Organism|PeripheralVenousBlood|Aciclovir|Plasma (Peripheral Venous Blood)"
10.2,1.00366795063019,"Simulated Aciclovir Plasma (Aciclovir)","Aciclovir Plasma (Aciclovir)","Organism|PeripheralVenousBlood|Aciclovir|Plasma (Peripheral Venous Blood)"
10.25,0.990419685840607,"Simulated Aciclovir Plasma (Aciclovir)","Aciclovir Plasma (Aciclovir)","Organism|PeripheralVenousBlood|Aciclovir|Plasma (Peripheral Venous Blood)"
10.3,0.977352023124695,"Simulated Aciclovir Plasma (Aciclovir)","Aciclovir Plasma (Aciclovir)","Organism|PeripheralVenousBlood|Aciclovir|Plasma (Peripheral Venous Blood)"
10.35,0.964461803436279,"Simulated Aciclovir Plasma (Aciclovir)","Aciclovir Plasma (Aciclovir)","Organism|PeripheralVenousBlood|Aciclovir|Plasma (Peripheral Venous Blood)"
10.4,0.951746821403503,"Simulated Aciclovir Plasma (Aciclovir)","Aciclovir Plasma (Aciclovir)","Organism|PeripheralVenousBlood|Aciclovir|Plasma (Peripheral Venous Blood)"
10.45,0.939204692840576,"Simulated Aciclovir Plasma (Aciclovir)","Aciclovir Plasma (Aciclovir)","Organism|PeripheralVenousBlood|Aciclovir|Plasma (Peripheral Venous Blood)"
10.5,0.926832914352417,"Simulated Aciclovir Plasma (Aciclovir)","Aciclovir Plasma (Aciclovir)","Organism|PeripheralVenousBlood|Aciclovir|Plasma (Peripheral Venous Blood)"
10.55,0.914629101753235,"Simulated Aciclovir Plasma (Aciclovir)","Aciclovir Plasma (Aciclovir)","Organism|PeripheralVenousBlood|Aciclovir|Plasma (Peripheral Venous Blood)"
10.6,0.902590870857239,"Simulated Aciclovir Plasma (Aciclovir)","Aciclovir Plasma (Aciclovir)","Organism|PeripheralVenousBlood|Aciclovir|Plasma (Peripheral Venous Blood)"
10.65,0.890716016292572,"Simulated Aciclovir Plasma (Aciclovir)","Aciclovir Plasma (Aciclovir)","Organism|PeripheralVenousBlood|Aciclovir|Plasma (Peripheral Venous Blood)"
10.7,0.879002094268799,"Simulated Aciclovir Plasma (Aciclovir)","Aciclovir Plasma (Aciclovir)","Organism|PeripheralVenousBlood|Aciclovir|Plasma (Peripheral Venous Blood)"
10.75,0.867447078227997,"Simulated Aciclovir Plasma (Aciclovir)","Aciclovir Plasma (Aciclovir)","Organism|PeripheralVenousBlood|Aciclovir|Plasma (Peripheral Venous Blood)"
10.8,0.856048583984375,"Simulated Aciclovir Plasma (Aciclovir)","Aciclovir Plasma (Aciclovir)","Organism|PeripheralVenousBlood|Aciclovir|Plasma (Peripheral Venous Blood)"
10.85,0.844804525375366,"Simulated Aciclovir Plasma (Aciclovir)","Aciclovir Plasma (Aciclovir)","Organism|PeripheralVenousBlood|Aciclovir|Plasma (Peripheral Venous Blood)"
10.9,0.833712577819824,"Simulated Aciclovir Plasma (Aciclovir)","Aciclovir Plasma (Aciclovir)","Organism|PeripheralVenousBlood|Aciclovir|Plasma (Peripheral Venous Blood)"
10.95,0.822771072387695,"Simulated Aciclovir Plasma (Aciclovir)","Aciclovir Plasma (Aciclovir)","Organism|PeripheralVenousBlood|Aciclovir|Plasma (Peripheral Venous Blood)"
11,0.811977684497833,"Simulated Aciclovir Plasma (Aciclovir)","Aciclovir Plasma (Aciclovir)","Organism|PeripheralVenousBlood|Aciclovir|Plasma (Peripheral Venous Blood)"
11.05,0.801330387592316,"Simulated Aciclovir Plasma (Aciclovir)","Aciclovir Plasma (Aciclovir)","Organism|PeripheralVenousBlood|Aciclovir|Plasma (Peripheral Venous Blood)"
11.1,0.790827095508575,"Simulated Aciclovir Plasma (Aciclovir)","Aciclovir Plasma (Aciclovir)","Organism|PeripheralVenousBlood|Aciclovir|Plasma (Peripheral Venous Blood)"
11.15,0.78046578168869,"Simulated Aciclovir Plasma (Aciclovir)","Aciclovir Plasma (Aciclovir)","Organism|PeripheralVenousBlood|Aciclovir|Plasma (Peripheral Venous Blood)"
11.2,0.770244598388672,"Simulated Aciclovir Plasma (Aciclovir)","Aciclovir Plasma (Aciclovir)","Organism|PeripheralVenousBlood|Aciclovir|Plasma (Peripheral Venous Blood)"
11.25,0.760161519050598,"Simulated Aciclovir Plasma (Aciclovir)","Aciclovir Plasma (Aciclovir)","Organism|PeripheralVenousBlood|Aciclovir|Plasma (Peripheral Venous Blood)"
11.3,0.750214576721191,"Simulated Aciclovir Plasma (Aciclovir)","Aciclovir Plasma (Aciclovir)","Organism|PeripheralVenousBlood|Aciclovir|Plasma (Peripheral Venous Blood)"
11.35,0.740401983261108,"Simulated Aciclovir Plasma (Aciclovir)","Aciclovir Plasma (Aciclovir)","Organism|PeripheralVenousBlood|Aciclovir|Plasma (Peripheral Venous Blood)"
11.4,0.730721890926361,"Simulated Aciclovir Plasma (Aciclovir)","Aciclovir Plasma (Aciclovir)","Organism|PeripheralVenousBlood|Aciclovir|Plasma (Peripheral Venous Blood)"
11.45,0.721172392368317,"Simulated Aciclovir Plasma (Aciclovir)","Aciclovir Plasma (Aciclovir)","Organism|PeripheralVenousBlood|Aciclovir|Plasma (Peripheral Venous Blood)"
11.5,0.711751818656921,"Simulated Aciclovir Plasma (Aciclovir)","Aciclovir Plasma (Aciclovir)","Organism|PeripheralVenousBlood|Aciclovir|Plasma (Peripheral Venous Blood)"
11.55,0.702458322048187,"Simulated Aciclovir Plasma (Aciclovir)","Aciclovir Plasma (Aciclovir)","Organism|PeripheralVenousBlood|Aciclovir|Plasma (Peripheral Venous Blood)"
11.6,0.693290114402771,"Simulated Aciclovir Plasma (Aciclovir)","Aciclovir Plasma (Aciclovir)","Organism|PeripheralVenousBlood|Aciclovir|Plasma (Peripheral Venous Blood)"
11.65,0.684245407581329,"Simulated Aciclovir Plasma (Aciclovir)","Aciclovir Plasma (Aciclovir)","Organism|PeripheralVenousBlood|Aciclovir|Plasma (Peripheral Venous Blood)"
11.7,0.675322711467743,"Simulated Aciclovir Plasma (Aciclovir)","Aciclovir Plasma (Aciclovir)","Organism|PeripheralVenousBlood|Aciclovir|Plasma (Peripheral Venous Blood)"
11.75,0.666520118713379,"Simulated Aciclovir Plasma (Aciclovir)","Aciclovir Plasma (Aciclovir)","Organism|PeripheralVenousBlood|Aciclovir|Plasma (Peripheral Venous Blood)"
11.8,0.657836019992828,"Simulated Aciclovir Plasma (Aciclovir)","Aciclovir Plasma (Aciclovir)","Organism|PeripheralVenousBlood|Aciclovir|Plasma (Peripheral Venous Blood)"
11.85,0.649268686771393,"Simulated Aciclovir Plasma (Aciclovir)","Aciclovir Plasma (Aciclovir)","Organism|PeripheralVenousBlood|Aciclovir|Plasma (Peripheral Venous Blood)"
11.9,0.640816688537598,"Simulated Aciclovir Plasma (Aciclovir)","Aciclovir Plasma (Aciclovir)","Organism|PeripheralVenousBlood|Aciclovir|Plasma (Peripheral Venous Blood)"
11.95,0.632478415966034,"Simulated Aciclovir Plasma (Aciclovir)","Aciclovir Plasma (Aciclovir)","Organism|PeripheralVenousBlood|Aciclovir|Plasma (Peripheral Venous Blood)"
12,0.624252319335938,"Simulated Aciclovir Plasma (Aciclovir)","Aciclovir Plasma (Aciclovir)","Organism|PeripheralVenousBlood|Aciclovir|Plasma (Peripheral Venous Blood)"
12.05,0.616136729717255,"Simulated Aciclovir Plasma (Aciclovir)","Aciclovir Plasma (Aciclovir)","Organism|PeripheralVenousBlood|Aciclovir|Plasma (Peripheral Venous Blood)"
12.1,0.608130216598511,"Simulated Aciclovir Plasma (Aciclovir)","Aciclovir Plasma (Aciclovir)","Organism|PeripheralVenousBlood|Aciclovir|Plasma (Peripheral Venous Blood)"
12.15,0.600231170654297,"Simulated Aciclovir Plasma (Aciclovir)","Aciclovir Plasma (Aciclovir)","Organism|PeripheralVenousBlood|Aciclovir|Plasma (Peripheral Venous Blood)"
12.2,0.592438280582428,"Simulated Aciclovir Plasma (Aciclovir)","Aciclovir Plasma (Aciclovir)","Organism|PeripheralVenousBlood|Aciclovir|Plasma (Peripheral Venous Blood)"
12.25,0.584750115871429,"Simulated Aciclovir Plasma (Aciclovir)","Aciclovir Plasma (Aciclovir)","Organism|PeripheralVenousBlood|Aciclovir|Plasma (Peripheral Venous Blood)"
12.3,0.577164888381958,"Simulated Aciclovir Plasma (Aciclovir)","Aciclovir Plasma (Aciclovir)","Organism|PeripheralVenousBlood|Aciclovir|Plasma (Peripheral Venous Blood)"
12.35,0.569681525230408,"Simulated Aciclovir Plasma (Aciclovir)","Aciclovir Plasma (Aciclovir)","Organism|PeripheralVenousBlood|Aciclovir|Plasma (Peripheral Venous Blood)"
12.4,0.56229841709137,"Simulated Aciclovir Plasma (Aciclovir)","Aciclovir Plasma (Aciclovir)","Organism|PeripheralVenousBlood|Aciclovir|Plasma (Peripheral Venous Blood)"
12.45,0.555014312267303,"Simulated Aciclovir Plasma (Aciclovir)","Aciclovir Plasma (Aciclovir)","Organism|PeripheralVenousBlood|Aciclovir|Plasma (Peripheral Venous Blood)"
12.5,0.54782772064209,"Simulated Aciclovir Plasma (Aciclovir)","Aciclovir Plasma (Aciclovir)","Organism|PeripheralVenousBlood|Aciclovir|Plasma (Peripheral Venous Blood)"
12.55,0.540737509727478,"Simulated Aciclovir Plasma (Aciclovir)","Aciclovir Plasma (Aciclovir)","Organism|PeripheralVenousBlood|Aciclovir|Plasma (Peripheral Venous Blood)"
12.6,0.533742189407349,"Simulated Aciclovir Plasma (Aciclovir)","Aciclovir Plasma (Aciclovir)","Organism|PeripheralVenousBlood|Aciclovir|Plasma (Peripheral Venous Blood)"
12.65,0.526840627193451,"Simulated Aciclovir Plasma (Aciclovir)","Aciclovir Plasma (Aciclovir)","Organism|PeripheralVenousBlood|Aciclovir|Plasma (Peripheral Venous Blood)"
12.7,0.520031213760376,"Simulated Aciclovir Plasma (Aciclovir)","Aciclovir Plasma (Aciclovir)","Organism|PeripheralVenousBlood|Aciclovir|Plasma (Peripheral Venous Blood)"
12.75,0.513312995433807,"Simulated Aciclovir Plasma (Aciclovir)","Aciclovir Plasma (Aciclovir)","Organism|PeripheralVenousBlood|Aciclovir|Plasma (Peripheral Venous Blood)"
12.8,0.506684482097626,"Simulated Aciclovir Plasma (Aciclovir)","Aciclovir Plasma (Aciclovir)","Organism|PeripheralVenousBlood|Aciclovir|Plasma (Peripheral Venous Blood)"
12.85,0.500144720077515,"Simulated Aciclovir Plasma (Aciclovir)","Aciclovir Plasma (Aciclovir)","Organism|PeripheralVenousBlood|Aciclovir|Plasma (Peripheral Venous Blood)"
12.9,0.493692189455032,"Simulated Aciclovir Plasma (Aciclovir)","Aciclovir Plasma (Aciclovir)","Organism|PeripheralVenousBlood|Aciclovir|Plasma (Peripheral Venous Blood)"
12.95,0.48732590675354,"Simulated Aciclovir Plasma (Aciclovir)","Aciclovir Plasma (Aciclovir)","Organism|PeripheralVenousBlood|Aciclovir|Plasma (Peripheral Venous Blood)"
13,0.481044501066208,"Simulated Aciclovir Plasma (Aciclovir)","Aciclovir Plasma (Aciclovir)","Organism|PeripheralVenousBlood|Aciclovir|Plasma (Peripheral Venous Blood)"
13.05,0.474846988916397,"Simulated Aciclovir Plasma (Aciclovir)","Aciclovir Plasma (Aciclovir)","Organism|PeripheralVenousBlood|Aciclovir|Plasma (Peripheral Venous Blood)"
13.1,0.468732297420502,"Simulated Aciclovir Plasma (Aciclovir)","Aciclovir Plasma (Aciclovir)","Organism|PeripheralVenousBlood|Aciclovir|Plasma (Peripheral Venous Blood)"
13.15,0.462699085474014,"Simulated Aciclovir Plasma (Aciclovir)","Aciclovir Plasma (Aciclovir)","Organism|PeripheralVenousBlood|Aciclovir|Plasma (Peripheral Venous Blood)"
13.2,0.456746309995651,"Simulated Aciclovir Plasma (Aciclovir)","Aciclovir Plasma (Aciclovir)","Organism|PeripheralVenousBlood|Aciclovir|Plasma (Peripheral Venous Blood)"
13.25,0.450872808694839,"Simulated Aciclovir Plasma (Aciclovir)","Aciclovir Plasma (Aciclovir)","Organism|PeripheralVenousBlood|Aciclovir|Plasma (Peripheral Venous Blood)"
13.3,0.445077508687973,"Simulated Aciclovir Plasma (Aciclovir)","Aciclovir Plasma (Aciclovir)","Organism|PeripheralVenousBlood|Aciclovir|Plasma (Peripheral Venous Blood)"
13.35,0.439359486103058,"Simulated Aciclovir Plasma (Aciclovir)","Aciclovir Plasma (Aciclovir)","Organism|PeripheralVenousBlood|Aciclovir|Plasma (Peripheral Venous Blood)"
13.4,0.433717489242554,"Simulated Aciclovir Plasma (Aciclovir)","Aciclovir Plasma (Aciclovir)","Organism|PeripheralVenousBlood|Aciclovir|Plasma (Peripheral Venous Blood)"
13.45,0.428150504827499,"Simulated Aciclovir Plasma (Aciclovir)","Aciclovir Plasma (Aciclovir)","Organism|PeripheralVenousBlood|Aciclovir|Plasma (Peripheral Venous Blood)"
13.5,0.422657608985901,"Simulated Aciclovir Plasma (Aciclovir)","Aciclovir Plasma (Aciclovir)","Organism|PeripheralVenousBlood|Aciclovir|Plasma (Peripheral Venous Blood)"
13.55,0.417237788438797,"Simulated Aciclovir Plasma (Aciclovir)","Aciclovir Plasma (Aciclovir)","Organism|PeripheralVenousBlood|Aciclovir|Plasma (Peripheral Venous Blood)"
13.6,0.411890000104904,"Simulated Aciclovir Plasma (Aciclovir)","Aciclovir Plasma (Aciclovir)","Organism|PeripheralVenousBlood|Aciclovir|Plasma (Peripheral Venous Blood)"
13.65,0.406613290309906,"Simulated Aciclovir Plasma (Aciclovir)","Aciclovir Plasma (Aciclovir)","Organism|PeripheralVenousBlood|Aciclovir|Plasma (Peripheral Venous Blood)"
13.7,0.401406586170197,"Simulated Aciclovir Plasma (Aciclovir)","Aciclovir Plasma (Aciclovir)","Organism|PeripheralVenousBlood|Aciclovir|Plasma (Peripheral Venous Blood)"
13.75,0.396269112825394,"Simulated Aciclovir Plasma (Aciclovir)","Aciclovir Plasma (Aciclovir)","Organism|PeripheralVenousBlood|Aciclovir|Plasma (Peripheral Venous Blood)"
13.8,0.391199707984924,"Simulated Aciclovir Plasma (Aciclovir)","Aciclovir Plasma (Aciclovir)","Organism|PeripheralVenousBlood|Aciclovir|Plasma (Peripheral Venous Blood)"
13.85,0.386197596788406,"Simulated Aciclovir Plasma (Aciclovir)","Aciclovir Plasma (Aciclovir)","Organism|PeripheralVenousBlood|Aciclovir|Plasma (Peripheral Venous Blood)"
13.9,0.381261795759201,"Simulated Aciclovir Plasma (Aciclovir)","Aciclovir Plasma (Aciclovir)","Organism|PeripheralVenousBlood|Aciclovir|Plasma (Peripheral Venous Blood)"
13.95,0.376391410827637,"Simulated Aciclovir Plasma (Aciclovir)","Aciclovir Plasma (Aciclovir)","Organism|PeripheralVenousBlood|Aciclovir|Plasma (Peripheral Venous Blood)"
14,0.371585488319397,"Simulated Aciclovir Plasma (Aciclovir)","Aciclovir Plasma (Aciclovir)","Organism|PeripheralVenousBlood|Aciclovir|Plasma (Peripheral Venous Blood)"
14.05,0.366843312978745,"Simulated Aciclovir Plasma (Aciclovir)","Aciclovir Plasma (Aciclovir)","Organism|PeripheralVenousBlood|Aciclovir|Plasma (Peripheral Venous Blood)"
14.1,0.362163811922073,"Simulated Aciclovir Plasma (Aciclovir)","Aciclovir Plasma (Aciclovir)","Organism|PeripheralVenousBlood|Aciclovir|Plasma (Peripheral Venous Blood)"
14.15,0.357546389102936,"Simulated Aciclovir Plasma (Aciclovir)","Aciclovir Plasma (Aciclovir)","Organism|PeripheralVenousBlood|Aciclovir|Plasma (Peripheral Venous Blood)"
14.2,0.352990001440048,"Simulated Aciclovir Plasma (Aciclovir)","Aciclovir Plasma (Aciclovir)","Organism|PeripheralVenousBlood|Aciclovir|Plasma (Peripheral Venous Blood)"
14.25,0.348493903875351,"Simulated Aciclovir Plasma (Aciclovir)","Aciclovir Plasma (Aciclovir)","Organism|PeripheralVenousBlood|Aciclovir|Plasma (Peripheral Venous Blood)"
14.3,0.344057202339172,"Simulated Aciclovir Plasma (Aciclovir)","Aciclovir Plasma (Aciclovir)","Organism|PeripheralVenousBlood|Aciclovir|Plasma (Peripheral Venous Blood)"
14.35,0.339679092168808,"Simulated Aciclovir Plasma (Aciclovir)","Aciclovir Plasma (Aciclovir)","Organism|PeripheralVenousBlood|Aciclovir|Plasma (Peripheral Venous Blood)"
14.4,0.335358798503876,"Simulated Aciclovir Plasma (Aciclovir)","Aciclovir Plasma (Aciclovir)","Organism|PeripheralVenousBlood|Aciclovir|Plasma (Peripheral Venous Blood)"
14.45,0.331095606088638,"Simulated Aciclovir Plasma (Aciclovir)","Aciclovir Plasma (Aciclovir)","Organism|PeripheralVenousBlood|Aciclovir|Plasma (Peripheral Venous Blood)"
14.5,0.326888591051102,"Simulated Aciclovir Plasma (Aciclovir)","Aciclovir Plasma (Aciclovir)","Organism|PeripheralVenousBlood|Aciclovir|Plasma (Peripheral Venous Blood)"
14.55,0.322737097740173,"Simulated Aciclovir Plasma (Aciclovir)","Aciclovir Plasma (Aciclovir)","Organism|PeripheralVenousBlood|Aciclovir|Plasma (Peripheral Venous Blood)"
14.6,0.318640410900116,"Simulated Aciclovir Plasma (Aciclovir)","Aciclovir Plasma (Aciclovir)","Organism|PeripheralVenousBlood|Aciclovir|Plasma (Peripheral Venous Blood)"
14.65,0.314597696065903,"Simulated Aciclovir Plasma (Aciclovir)","Aciclovir Plasma (Aciclovir)","Organism|PeripheralVenousBlood|Aciclovir|Plasma (Peripheral Venous Blood)"
14.7,0.310608208179474,"Simulated Aciclovir Plasma (Aciclovir)","Aciclovir Plasma (Aciclovir)","Organism|PeripheralVenousBlood|Aciclovir|Plasma (Peripheral Venous Blood)"
14.75,0.306671410799026,"Simulated Aciclovir Plasma (Aciclovir)","Aciclovir Plasma (Aciclovir)","Organism|PeripheralVenousBlood|Aciclovir|Plasma (Peripheral Venous Blood)"
14.8,0.302786290645599,"Simulated Aciclovir Plasma (Aciclovir)","Aciclovir Plasma (Aciclovir)","Organism|PeripheralVenousBlood|Aciclovir|Plasma (Peripheral Venous Blood)"
14.85,0.298952400684357,"Simulated Aciclovir Plasma (Aciclovir)","Aciclovir Plasma (Aciclovir)","Organism|PeripheralVenousBlood|Aciclovir|Plasma (Peripheral Venous Blood)"
14.9,0.295168906450272,"Simulated Aciclovir Plasma (Aciclovir)","Aciclovir Plasma (Aciclovir)","Organism|PeripheralVenousBlood|Aciclovir|Plasma (Peripheral Venous Blood)"
14.95,0.291435092687607,"Simulated Aciclovir Plasma (Aciclovir)","Aciclovir Plasma (Aciclovir)","Organism|PeripheralVenousBlood|Aciclovir|Plasma (Peripheral Venous Blood)"
15,0.287750393152237,"Simulated Aciclovir Plasma (Aciclovir)","Aciclovir Plasma (Aciclovir)","Organism|PeripheralVenousBlood|Aciclovir|Plasma (Peripheral Venous Blood)"
15.05,0.284114211797714,"Simulated Aciclovir Plasma (Aciclovir)","Aciclovir Plasma (Aciclovir)","Organism|PeripheralVenousBlood|Aciclovir|Plasma (Peripheral Venous Blood)"
15.1,0.280525594949722,"Simulated Aciclovir Plasma (Aciclovir)","Aciclovir Plasma (Aciclovir)","Organism|PeripheralVenousBlood|Aciclovir|Plasma (Peripheral Venous Blood)"
15.15,0.276984214782715,"Simulated Aciclovir Plasma (Aciclovir)","Aciclovir Plasma (Aciclovir)","Organism|PeripheralVenousBlood|Aciclovir|Plasma (Peripheral Venous Blood)"
15.2,0.27348929643631,"Simulated Aciclovir Plasma (Aciclovir)","Aciclovir Plasma (Aciclovir)","Organism|PeripheralVenousBlood|Aciclovir|Plasma (Peripheral Venous Blood)"
15.25,0.270040214061737,"Simulated Aciclovir Plasma (Aciclovir)","Aciclovir Plasma (Aciclovir)","Organism|PeripheralVenousBlood|Aciclovir|Plasma (Peripheral Venous Blood)"
15.3,0.266636401414871,"Simulated Aciclovir Plasma (Aciclovir)","Aciclovir Plasma (Aciclovir)","Organism|PeripheralVenousBlood|Aciclovir|Plasma (Peripheral Venous Blood)"
15.35,0.26327720284462,"Simulated Aciclovir Plasma (Aciclovir)","Aciclovir Plasma (Aciclovir)","Organism|PeripheralVenousBlood|Aciclovir|Plasma (Peripheral Venous Blood)"
15.4,0.259961903095245,"Simulated Aciclovir Plasma (Aciclovir)","Aciclovir Plasma (Aciclovir)","Organism|PeripheralVenousBlood|Aciclovir|Plasma (Peripheral Venous Blood)"
15.45,0.256690114736557,"Simulated Aciclovir Plasma (Aciclovir)","Aciclovir Plasma (Aciclovir)","Organism|PeripheralVenousBlood|Aciclovir|Plasma (Peripheral Venous Blood)"
15.5,0.253461092710495,"Simulated Aciclovir Plasma (Aciclovir)","Aciclovir Plasma (Aciclovir)","Organism|PeripheralVenousBlood|Aciclovir|Plasma (Peripheral Venous Blood)"
15.55,0.250274389982224,"Simulated Aciclovir Plasma (Aciclovir)","Aciclovir Plasma (Aciclovir)","Organism|PeripheralVenousBlood|Aciclovir|Plasma (Peripheral Venous Blood)"
15.6,0.247129201889038,"Simulated Aciclovir Plasma (Aciclovir)","Aciclovir Plasma (Aciclovir)","Organism|PeripheralVenousBlood|Aciclovir|Plasma (Peripheral Venous Blood)"
15.65,0.244025304913521,"Simulated Aciclovir Plasma (Aciclovir)","Aciclovir Plasma (Aciclovir)","Organism|PeripheralVenousBlood|Aciclovir|Plasma (Peripheral Venous Blood)"
15.7,0.240961894392967,"Simulated Aciclovir Plasma (Aciclovir)","Aciclovir Plasma (Aciclovir)","Organism|PeripheralVenousBlood|Aciclovir|Plasma (Peripheral Venous Blood)"
15.75,0.237938597798347,"Simulated Aciclovir Plasma (Aciclovir)","Aciclovir Plasma (Aciclovir)","Organism|PeripheralVenousBlood|Aciclovir|Plasma (Peripheral Venous Blood)"
15.8,0.234954699873924,"Simulated Aciclovir Plasma (Aciclovir)","Aciclovir Plasma (Aciclovir)","Organism|PeripheralVenousBlood|Aciclovir|Plasma (Peripheral Venous Blood)"
15.85,0.232009693980217,"Simulated Aciclovir Plasma (Aciclovir)","Aciclovir Plasma (Aciclovir)","Organism|PeripheralVenousBlood|Aciclovir|Plasma (Peripheral Venous Blood)"
15.9,0.229103192687035,"Simulated Aciclovir Plasma (Aciclovir)","Aciclovir Plasma (Aciclovir)","Organism|PeripheralVenousBlood|Aciclovir|Plasma (Peripheral Venous Blood)"
15.95,0.226234495639801,"Simulated Aciclovir Plasma (Aciclovir)","Aciclovir Plasma (Aciclovir)","Organism|PeripheralVenousBlood|Aciclovir|Plasma (Peripheral Venous Blood)"
16,0.223403304815292,"Simulated Aciclovir Plasma (Aciclovir)","Aciclovir Plasma (Aciclovir)","Organism|PeripheralVenousBlood|Aciclovir|Plasma (Peripheral Venous Blood)"
16.05,0.220608904957771,"Simulated Aciclovir Plasma (Aciclovir)","Aciclovir Plasma (Aciclovir)","Organism|PeripheralVenousBlood|Aciclovir|Plasma (Peripheral Venous Blood)"
16.1,0.217850893735886,"Simulated Aciclovir Plasma (Aciclovir)","Aciclovir Plasma (Aciclovir)","Organism|PeripheralVenousBlood|Aciclovir|Plasma (Peripheral Venous Blood)"
16.15,0.215128794312477,"Simulated Aciclovir Plasma (Aciclovir)","Aciclovir Plasma (Aciclovir)","Organism|PeripheralVenousBlood|Aciclovir|Plasma (Peripheral Venous Blood)"
16.2,0.212442100048065,"Simulated Aciclovir Plasma (Aciclovir)","Aciclovir Plasma (Aciclovir)","Organism|PeripheralVenousBlood|Aciclovir|Plasma (Peripheral Venous Blood)"
16.25,0.209790393710136,"Simulated Aciclovir Plasma (Aciclovir)","Aciclovir Plasma (Aciclovir)","Organism|PeripheralVenousBlood|Aciclovir|Plasma (Peripheral Venous Blood)"
16.3,0.207173198461533,"Simulated Aciclovir Plasma (Aciclovir)","Aciclovir Plasma (Aciclovir)","Organism|PeripheralVenousBlood|Aciclovir|Plasma (Peripheral Venous Blood)"
16.35,0.204589992761612,"Simulated Aciclovir Plasma (Aciclovir)","Aciclovir Plasma (Aciclovir)","Organism|PeripheralVenousBlood|Aciclovir|Plasma (Peripheral Venous Blood)"
16.4,0.202040299773216,"Simulated Aciclovir Plasma (Aciclovir)","Aciclovir Plasma (Aciclovir)","Organism|PeripheralVenousBlood|Aciclovir|Plasma (Peripheral Venous Blood)"
16.45,0.199523702263832,"Simulated Aciclovir Plasma (Aciclovir)","Aciclovir Plasma (Aciclovir)","Organism|PeripheralVenousBlood|Aciclovir|Plasma (Peripheral Venous Blood)"
16.5,0.197039797902107,"Simulated Aciclovir Plasma (Aciclovir)","Aciclovir Plasma (Aciclovir)","Organism|PeripheralVenousBlood|Aciclovir|Plasma (Peripheral Venous Blood)"
16.55,0.194588094949722,"Simulated Aciclovir Plasma (Aciclovir)","Aciclovir Plasma (Aciclovir)","Organism|PeripheralVenousBlood|Aciclovir|Plasma (Peripheral Venous Blood)"
16.6,0.192168101668358,"Simulated Aciclovir Plasma (Aciclovir)","Aciclovir Plasma (Aciclovir)","Organism|PeripheralVenousBlood|Aciclovir|Plasma (Peripheral Venous Blood)"
16.65,0.189779594540596,"Simulated Aciclovir Plasma (Aciclovir)","Aciclovir Plasma (Aciclovir)","Organism|PeripheralVenousBlood|Aciclovir|Plasma (Peripheral Venous Blood)"
16.7,0.187422007322311,"Simulated Aciclovir Plasma (Aciclovir)","Aciclovir Plasma (Aciclovir)","Organism|PeripheralVenousBlood|Aciclovir|Plasma (Peripheral Venous Blood)"
16.75,0.185094892978668,"Simulated Aciclovir Plasma (Aciclovir)","Aciclovir Plasma (Aciclovir)","Organism|PeripheralVenousBlood|Aciclovir|Plasma (Peripheral Venous Blood)"
16.8,0.182797893881798,"Simulated Aciclovir Plasma (Aciclovir)","Aciclovir Plasma (Aciclovir)","Organism|PeripheralVenousBlood|Aciclovir|Plasma (Peripheral Venous Blood)"
16.85,0.180530697107315,"Simulated Aciclovir Plasma (Aciclovir)","Aciclovir Plasma (Aciclovir)","Organism|PeripheralVenousBlood|Aciclovir|Plasma (Peripheral Venous Blood)"
16.9,0.178292796015739,"Simulated Aciclovir Plasma (Aciclovir)","Aciclovir Plasma (Aciclovir)","Organism|PeripheralVenousBlood|Aciclovir|Plasma (Peripheral Venous Blood)"
16.95,0.176083698868752,"Simulated Aciclovir Plasma (Aciclovir)","Aciclovir Plasma (Aciclovir)","Organism|PeripheralVenousBlood|Aciclovir|Plasma (Peripheral Venous Blood)"
17,0.173903301358223,"Simulated Aciclovir Plasma (Aciclovir)","Aciclovir Plasma (Aciclovir)","Organism|PeripheralVenousBlood|Aciclovir|Plasma (Peripheral Venous Blood)"
17.05,0.171751007437706,"Simulated Aciclovir Plasma (Aciclovir)","Aciclovir Plasma (Aciclovir)","Organism|PeripheralVenousBlood|Aciclovir|Plasma (Peripheral Venous Blood)"
17.1,0.169626399874687,"Simulated Aciclovir Plasma (Aciclovir)","Aciclovir Plasma (Aciclovir)","Organism|PeripheralVenousBlood|Aciclovir|Plasma (Peripheral Venous Blood)"
17.15,0.167529299855232,"Simulated Aciclovir Plasma (Aciclovir)","Aciclovir Plasma (Aciclovir)","Organism|PeripheralVenousBlood|Aciclovir|Plasma (Peripheral Venous Blood)"
17.2,0.165459200739861,"Simulated Aciclovir Plasma (Aciclovir)","Aciclovir Plasma (Aciclovir)","Organism|PeripheralVenousBlood|Aciclovir|Plasma (Peripheral Venous Blood)"
17.25,0.163415804505348,"Simulated Aciclovir Plasma (Aciclovir)","Aciclovir Plasma (Aciclovir)","Organism|PeripheralVenousBlood|Aciclovir|Plasma (Peripheral Venous Blood)"
17.3,0.16139879822731,"Simulated Aciclovir Plasma (Aciclovir)","Aciclovir Plasma (Aciclovir)","Organism|PeripheralVenousBlood|Aciclovir|Plasma (Peripheral Venous Blood)"
17.35,0.159407705068588,"Simulated Aciclovir Plasma (Aciclovir)","Aciclovir Plasma (Aciclovir)","Organism|PeripheralVenousBlood|Aciclovir|Plasma (Peripheral Venous Blood)"
17.4,0.157442197203636,"Simulated Aciclovir Plasma (Aciclovir)","Aciclovir Plasma (Aciclovir)","Organism|PeripheralVenousBlood|Aciclovir|Plasma (Peripheral Venous Blood)"
17.45,0.155502006411552,"Simulated Aciclovir Plasma (Aciclovir)","Aciclovir Plasma (Aciclovir)","Organism|PeripheralVenousBlood|Aciclovir|Plasma (Peripheral Venous Blood)"
17.5,0.153586804866791,"Simulated Aciclovir Plasma (Aciclovir)","Aciclovir Plasma (Aciclovir)","Organism|PeripheralVenousBlood|Aciclovir|Plasma (Peripheral Venous Blood)"
17.55,0.15169620513916,"Simulated Aciclovir Plasma (Aciclovir)","Aciclovir Plasma (Aciclovir)","Organism|PeripheralVenousBlood|Aciclovir|Plasma (Peripheral Venous Blood)"
17.6,0.149829894304276,"Simulated Aciclovir Plasma (Aciclovir)","Aciclovir Plasma (Aciclovir)","Organism|PeripheralVenousBlood|Aciclovir|Plasma (Peripheral Venous Blood)"
17.65,0.147987499833107,"Simulated Aciclovir Plasma (Aciclovir)","Aciclovir Plasma (Aciclovir)","Organism|PeripheralVenousBlood|Aciclovir|Plasma (Peripheral Venous Blood)"
17.7,0.146168798208237,"Simulated Aciclovir Plasma (Aciclovir)","Aciclovir Plasma (Aciclovir)","Organism|PeripheralVenousBlood|Aciclovir|Plasma (Peripheral Venous Blood)"
17.75,0.144373506307602,"Simulated Aciclovir Plasma (Aciclovir)","Aciclovir Plasma (Aciclovir)","Organism|PeripheralVenousBlood|Aciclovir|Plasma (Peripheral Venous Blood)"
17.8,0.142601102590561,"Simulated Aciclovir Plasma (Aciclovir)","Aciclovir Plasma (Aciclovir)","Organism|PeripheralVenousBlood|Aciclovir|Plasma (Peripheral Venous Blood)"
17.85,0.140851497650146,"Simulated Aciclovir Plasma (Aciclovir)","Aciclovir Plasma (Aciclovir)","Organism|PeripheralVenousBlood|Aciclovir|Plasma (Peripheral Venous Blood)"
17.9,0.139124304056168,"Simulated Aciclovir Plasma (Aciclovir)","Aciclovir Plasma (Aciclovir)","Organism|PeripheralVenousBlood|Aciclovir|Plasma (Peripheral Venous Blood)"
17.95,0.137419298291206,"Simulated Aciclovir Plasma (Aciclovir)","Aciclovir Plasma (Aciclovir)","Organism|PeripheralVenousBlood|Aciclovir|Plasma (Peripheral Venous Blood)"
18,0.135736003518105,"Simulated Aciclovir Plasma (Aciclovir)","Aciclovir Plasma (Aciclovir)","Organism|PeripheralVenousBlood|Aciclovir|Plasma (Peripheral Venous Blood)"
18.05,0.134074300527573,"Simulated Aciclovir Plasma (Aciclovir)","Aciclovir Plasma (Aciclovir)","Organism|PeripheralVenousBlood|Aciclovir|Plasma (Peripheral Venous Blood)"
18.1,0.13243380188942,"Simulated Aciclovir Plasma (Aciclovir)","Aciclovir Plasma (Aciclovir)","Organism|PeripheralVenousBlood|Aciclovir|Plasma (Peripheral Venous Blood)"
18.15,0.130814298987389,"Simulated Aciclovir Plasma (Aciclovir)","Aciclovir Plasma (Aciclovir)","Organism|PeripheralVenousBlood|Aciclovir|Plasma (Peripheral Venous Blood)"
18.2,0.129215493798256,"Simulated Aciclovir Plasma (Aciclovir)","Aciclovir Plasma (Aciclovir)","Organism|PeripheralVenousBlood|Aciclovir|Plasma (Peripheral Venous Blood)"
18.25,0.127637103199959,"Simulated Aciclovir Plasma (Aciclovir)","Aciclovir Plasma (Aciclovir)","Organism|PeripheralVenousBlood|Aciclovir|Plasma (Peripheral Venous Blood)"
18.3,0.126078903675079,"Simulated Aciclovir Plasma (Aciclovir)","Aciclovir Plasma (Aciclovir)","Organism|PeripheralVenousBlood|Aciclovir|Plasma (Peripheral Venous Blood)"
18.35,0.124540500342846,"Simulated Aciclovir Plasma (Aciclovir)","Aciclovir Plasma (Aciclovir)","Organism|PeripheralVenousBlood|Aciclovir|Plasma (Peripheral Venous Blood)"
18.4,0.123021796345711,"Simulated Aciclovir Plasma (Aciclovir)","Aciclovir Plasma (Aciclovir)","Organism|PeripheralVenousBlood|Aciclovir|Plasma (Peripheral Venous Blood)"
18.45,0.121522396802902,"Simulated Aciclovir Plasma (Aciclovir)","Aciclovir Plasma (Aciclovir)","Organism|PeripheralVenousBlood|Aciclovir|Plasma (Peripheral Venous Blood)"
18.5,0.120042100548744,"Simulated Aciclovir Plasma (Aciclovir)","Aciclovir Plasma (Aciclovir)","Organism|PeripheralVenousBlood|Aciclovir|Plasma (Peripheral Venous Blood)"
18.55,0.11858069896698,"Simulated Aciclovir Plasma (Aciclovir)","Aciclovir Plasma (Aciclovir)","Organism|PeripheralVenousBlood|Aciclovir|Plasma (Peripheral Venous Blood)"
18.6,0.117137901484966,"Simulated Aciclovir Plasma (Aciclovir)","Aciclovir Plasma (Aciclovir)","Organism|PeripheralVenousBlood|Aciclovir|Plasma (Peripheral Venous Blood)"
18.65,0.115713402628899,"Simulated Aciclovir Plasma (Aciclovir)","Aciclovir Plasma (Aciclovir)","Organism|PeripheralVenousBlood|Aciclovir|Plasma (Peripheral Venous Blood)"
18.7,0.114307001233101,"Simulated Aciclovir Plasma (Aciclovir)","Aciclovir Plasma (Aciclovir)","Organism|PeripheralVenousBlood|Aciclovir|Plasma (Peripheral Venous Blood)"
18.75,0.112918503582478,"Simulated Aciclovir Plasma (Aciclovir)","Aciclovir Plasma (Aciclovir)","Organism|PeripheralVenousBlood|Aciclovir|Plasma (Peripheral Venous Blood)"
18.8,0.111547701060772,"Simulated Aciclovir Plasma (Aciclovir)","Aciclovir Plasma (Aciclovir)","Organism|PeripheralVenousBlood|Aciclovir|Plasma (Peripheral Venous Blood)"
18.85,0.110194198787212,"Simulated Aciclovir Plasma (Aciclovir)","Aciclovir Plasma (Aciclovir)","Organism|PeripheralVenousBlood|Aciclovir|Plasma (Peripheral Venous Blood)"
18.9,0.108857996761799,"Simulated Aciclovir Plasma (Aciclovir)","Aciclovir Plasma (Aciclovir)","Organism|PeripheralVenousBlood|Aciclovir|Plasma (Peripheral Venous Blood)"
18.95,0.107538603246212,"Simulated Aciclovir Plasma (Aciclovir)","Aciclovir Plasma (Aciclovir)","Organism|PeripheralVenousBlood|Aciclovir|Plasma (Peripheral Venous Blood)"
19,0.106236100196838,"Simulated Aciclovir Plasma (Aciclovir)","Aciclovir Plasma (Aciclovir)","Organism|PeripheralVenousBlood|Aciclovir|Plasma (Peripheral Venous Blood)"
19.05,0.104950003325939,"Simulated Aciclovir Plasma (Aciclovir)","Aciclovir Plasma (Aciclovir)","Organism|PeripheralVenousBlood|Aciclovir|Plasma (Peripheral Venous Blood)"
19.1,0.103680200874805,"Simulated Aciclovir Plasma (Aciclovir)","Aciclovir Plasma (Aciclovir)","Organism|PeripheralVenousBlood|Aciclovir|Plasma (Peripheral Venous Blood)"
19.15,0.102426402270794,"Simulated Aciclovir Plasma (Aciclovir)","Aciclovir Plasma (Aciclovir)","Organism|PeripheralVenousBlood|Aciclovir|Plasma (Peripheral Venous Blood)"
19.2,0.101188600063324,"Simulated Aciclovir Plasma (Aciclovir)","Aciclovir Plasma (Aciclovir)","Organism|PeripheralVenousBlood|Aciclovir|Plasma (Peripheral Venous Blood)"
19.25,0.099966362118721,"Simulated Aciclovir Plasma (Aciclovir)","Aciclovir Plasma (Aciclovir)","Organism|PeripheralVenousBlood|Aciclovir|Plasma (Peripheral Venous Blood)"
19.3,0.0987596064805984,"Simulated Aciclovir Plasma (Aciclovir)","Aciclovir Plasma (Aciclovir)","Organism|PeripheralVenousBlood|Aciclovir|Plasma (Peripheral Venous Blood)"
19.35,0.0975681096315384,"Simulated Aciclovir Plasma (Aciclovir)","Aciclovir Plasma (Aciclovir)","Organism|PeripheralVenousBlood|Aciclovir|Plasma (Peripheral Venous Blood)"
19.4,0.0963916480541229,"Simulated Aciclovir Plasma (Aciclovir)","Aciclovir Plasma (Aciclovir)","Organism|PeripheralVenousBlood|Aciclovir|Plasma (Peripheral Venous Blood)"
19.45,0.0952300429344177,"Simulated Aciclovir Plasma (Aciclovir)","Aciclovir Plasma (Aciclovir)","Organism|PeripheralVenousBlood|Aciclovir|Plasma (Peripheral Venous Blood)"
19.5,0.0940830931067467,"Simulated Aciclovir Plasma (Aciclovir)","Aciclovir Plasma (Aciclovir)","Organism|PeripheralVenousBlood|Aciclovir|Plasma (Peripheral Venous Blood)"
19.55,0.0929505974054337,"Simulated Aciclovir Plasma (Aciclovir)","Aciclovir Plasma (Aciclovir)","Organism|PeripheralVenousBlood|Aciclovir|Plasma (Peripheral Venous Blood)"
19.6,0.0918323770165443,"Simulated Aciclovir Plasma (Aciclovir)","Aciclovir Plasma (Aciclovir)","Organism|PeripheralVenousBlood|Aciclovir|Plasma (Peripheral Venous Blood)"
19.65,0.0907282531261444,"Simulated Aciclovir Plasma (Aciclovir)","Aciclovir Plasma (Aciclovir)","Organism|PeripheralVenousBlood|Aciclovir|Plasma (Peripheral Venous Blood)"
19.7,0.0896380096673965,"Simulated Aciclovir Plasma (Aciclovir)","Aciclovir Plasma (Aciclovir)","Organism|PeripheralVenousBlood|Aciclovir|Plasma (Peripheral Venous Blood)"
19.75,0.0885614901781082,"Simulated Aciclovir Plasma (Aciclovir)","Aciclovir Plasma (Aciclovir)","Organism|PeripheralVenousBlood|Aciclovir|Plasma (Peripheral Venous Blood)"
19.8,0.0874985232949257,"Simulated Aciclovir Plasma (Aciclovir)","Aciclovir Plasma (Aciclovir)","Organism|PeripheralVenousBlood|Aciclovir|Plasma (Peripheral Venous Blood)"
19.85,0.086448922753334,"Simulated Aciclovir Plasma (Aciclovir)","Aciclovir Plasma (Aciclovir)","Organism|PeripheralVenousBlood|Aciclovir|Plasma (Peripheral Venous Blood)"
19.9,0.0854124873876572,"Simulated Aciclovir Plasma (Aciclovir)","Aciclovir Plasma (Aciclovir)","Organism|PeripheralVenousBlood|Aciclovir|Plasma (Peripheral Venous Blood)"
19.95,0.0843890979886055,"Simulated Aciclovir Plasma (Aciclovir)","Aciclovir Plasma (Aciclovir)","Organism|PeripheralVenousBlood|Aciclovir|Plasma (Peripheral Venous Blood)"
20,0.0833785533905029,"Simulated Aciclovir Plasma (Aciclovir)","Aciclovir Plasma (Aciclovir)","Organism|PeripheralVenousBlood|Aciclovir|Plasma (Peripheral Venous Blood)"
20.05,0.0823806673288345,"Simulated Aciclovir Plasma (Aciclovir)","Aciclovir Plasma (Aciclovir)","Organism|PeripheralVenousBlood|Aciclovir|Plasma (Peripheral Venous Blood)"
20.1,0.0813953131437302,"Simulated Aciclovir Plasma (Aciclovir)","Aciclovir Plasma (Aciclovir)","Organism|PeripheralVenousBlood|Aciclovir|Plasma (Peripheral Venous Blood)"
20.15,0.0804222971200943,"Simulated Aciclovir Plasma (Aciclovir)","Aciclovir Plasma (Aciclovir)","Organism|PeripheralVenousBlood|Aciclovir|Plasma (Peripheral Venous Blood)"
20.2,0.0794614776968956,"Simulated Aciclovir Plasma (Aciclovir)","Aciclovir Plasma (Aciclovir)","Organism|PeripheralVenousBlood|Aciclovir|Plasma (Peripheral Venous Blood)"
20.25,0.0785126835107803,"Simulated Aciclovir Plasma (Aciclovir)","Aciclovir Plasma (Aciclovir)","Organism|PeripheralVenousBlood|Aciclovir|Plasma (Peripheral Venous Blood)"
20.3,0.077575758099556,"Simulated Aciclovir Plasma (Aciclovir)","Aciclovir Plasma (Aciclovir)","Organism|PeripheralVenousBlood|Aciclovir|Plasma (Peripheral Venous Blood)"
20.35,0.0766505599021912,"Simulated Aciclovir Plasma (Aciclovir)","Aciclovir Plasma (Aciclovir)","Organism|PeripheralVenousBlood|Aciclovir|Plasma (Peripheral Venous Blood)"
20.4,0.0757369324564934,"Simulated Aciclovir Plasma (Aciclovir)","Aciclovir Plasma (Aciclovir)","Organism|PeripheralVenousBlood|Aciclovir|Plasma (Peripheral Venous Blood)"
20.45,0.0748347193002701,"Simulated Aciclovir Plasma (Aciclovir)","Aciclovir Plasma (Aciclovir)","Organism|PeripheralVenousBlood|Aciclovir|Plasma (Peripheral Venous Blood)"
20.5,0.0739437788724899,"Simulated Aciclovir Plasma (Aciclovir)","Aciclovir Plasma (Aciclovir)","Organism|PeripheralVenousBlood|Aciclovir|Plasma (Peripheral Venous Blood)"
20.55,0.0730639472603798,"Simulated Aciclovir Plasma (Aciclovir)","Aciclovir Plasma (Aciclovir)","Organism|PeripheralVenousBlood|Aciclovir|Plasma (Peripheral Venous Blood)"
20.6,0.0721951127052307,"Simulated Aciclovir Plasma (Aciclovir)","Aciclovir Plasma (Aciclovir)","Organism|PeripheralVenousBlood|Aciclovir|Plasma (Peripheral Venous Blood)"
20.65,0.0713370963931084,"Simulated Aciclovir Plasma (Aciclovir)","Aciclovir Plasma (Aciclovir)","Organism|PeripheralVenousBlood|Aciclovir|Plasma (Peripheral Venous Blood)"
20.7,0.0704897791147232,"Simulated Aciclovir Plasma (Aciclovir)","Aciclovir Plasma (Aciclovir)","Organism|PeripheralVenousBlood|Aciclovir|Plasma (Peripheral Venous Blood)"
20.75,0.0696530118584633,"Simulated Aciclovir Plasma (Aciclovir)","Aciclovir Plasma (Aciclovir)","Organism|PeripheralVenousBlood|Aciclovir|Plasma (Peripheral Venous Blood)"
20.8,0.0688266605138779,"Simulated Aciclovir Plasma (Aciclovir)","Aciclovir Plasma (Aciclovir)","Organism|PeripheralVenousBlood|Aciclovir|Plasma (Peripheral Venous Blood)"
20.85,0.0680105909705162,"Simulated Aciclovir Plasma (Aciclovir)","Aciclovir Plasma (Aciclovir)","Organism|PeripheralVenousBlood|Aciclovir|Plasma (Peripheral Venous Blood)"
20.9,0.0672046765685081,"Simulated Aciclovir Plasma (Aciclovir)","Aciclovir Plasma (Aciclovir)","Organism|PeripheralVenousBlood|Aciclovir|Plasma (Peripheral Venous Blood)"
20.95,0.0664087906479836,"Simulated Aciclovir Plasma (Aciclovir)","Aciclovir Plasma (Aciclovir)","Organism|PeripheralVenousBlood|Aciclovir|Plasma (Peripheral Venous Blood)"
21,0.0656227916479111,"Simulated Aciclovir Plasma (Aciclovir)","Aciclovir Plasma (Aciclovir)","Organism|PeripheralVenousBlood|Aciclovir|Plasma (Peripheral Venous Blood)"
21.05,0.0648465529084206,"Simulated Aciclovir Plasma (Aciclovir)","Aciclovir Plasma (Aciclovir)","Organism|PeripheralVenousBlood|Aciclovir|Plasma (Peripheral Venous Blood)"
21.1,0.0640799403190613,"Simulated Aciclovir Plasma (Aciclovir)","Aciclovir Plasma (Aciclovir)","Organism|PeripheralVenousBlood|Aciclovir|Plasma (Peripheral Venous Blood)"
21.15,0.0633228495717049,"Simulated Aciclovir Plasma (Aciclovir)","Aciclovir Plasma (Aciclovir)","Organism|PeripheralVenousBlood|Aciclovir|Plasma (Peripheral Venous Blood)"
21.2,0.06257513910532,"Simulated Aciclovir Plasma (Aciclovir)","Aciclovir Plasma (Aciclovir)","Organism|PeripheralVenousBlood|Aciclovir|Plasma (Peripheral Venous Blood)"
21.25,0.0618366897106171,"Simulated Aciclovir Plasma (Aciclovir)","Aciclovir Plasma (Aciclovir)","Organism|PeripheralVenousBlood|Aciclovir|Plasma (Peripheral Venous Blood)"
21.3,0.0611073896288872,"Simulated Aciclovir Plasma (Aciclovir)","Aciclovir Plasma (Aciclovir)","Organism|PeripheralVenousBlood|Aciclovir|Plasma (Peripheral Venous Blood)"
21.35,0.0603871196508408,"Simulated Aciclovir Plasma (Aciclovir)","Aciclovir Plasma (Aciclovir)","Organism|PeripheralVenousBlood|Aciclovir|Plasma (Peripheral Venous Blood)"
21.4,0.0596757605671883,"Simulated Aciclovir Plasma (Aciclovir)","Aciclovir Plasma (Aciclovir)","Organism|PeripheralVenousBlood|Aciclovir|Plasma (Peripheral Venous Blood)"
21.45,0.0589732006192207,"Simulated Aciclovir Plasma (Aciclovir)","Aciclovir Plasma (Aciclovir)","Organism|PeripheralVenousBlood|Aciclovir|Plasma (Peripheral Venous Blood)"
21.5,0.0582793317735195,"Simulated Aciclovir Plasma (Aciclovir)","Aciclovir Plasma (Aciclovir)","Organism|PeripheralVenousBlood|Aciclovir|Plasma (Peripheral Venous Blood)"
21.55,0.0575940310955048,"Simulated Aciclovir Plasma (Aciclovir)","Aciclovir Plasma (Aciclovir)","Organism|PeripheralVenousBlood|Aciclovir|Plasma (Peripheral Venous Blood)"
21.6,0.0569171905517578,"Simulated Aciclovir Plasma (Aciclovir)","Aciclovir Plasma (Aciclovir)","Organism|PeripheralVenousBlood|Aciclovir|Plasma (Peripheral Venous Blood)"
21.65,0.0562486983835697,"Simulated Aciclovir Plasma (Aciclovir)","Aciclovir Plasma (Aciclovir)","Organism|PeripheralVenousBlood|Aciclovir|Plasma (Peripheral Venous Blood)"
21.7,0.055588461458683,"Simulated Aciclovir Plasma (Aciclovir)","Aciclovir Plasma (Aciclovir)","Organism|PeripheralVenousBlood|Aciclovir|Plasma (Peripheral Venous Blood)"
21.75,0.0549363605678082,"Simulated Aciclovir Plasma (Aciclovir)","Aciclovir Plasma (Aciclovir)","Organism|PeripheralVenousBlood|Aciclovir|Plasma (Peripheral Venous Blood)"
21.8,0.0542922802269459,"Simulated Aciclovir Plasma (Aciclovir)","Aciclovir Plasma (Aciclovir)","Organism|PeripheralVenousBlood|Aciclovir|Plasma (Peripheral Venous Blood)"
21.85,0.0536561384797096,"Simulated Aciclovir Plasma (Aciclovir)","Aciclovir Plasma (Aciclovir)","Organism|PeripheralVenousBlood|Aciclovir|Plasma (Peripheral Venous Blood)"
21.9,0.053027831017971,"Simulated Aciclovir Plasma (Aciclovir)","Aciclovir Plasma (Aciclovir)","Organism|PeripheralVenousBlood|Aciclovir|Plasma (Peripheral Venous Blood)"
21.95,0.0524072609841824,"Simulated Aciclovir Plasma (Aciclovir)","Aciclovir Plasma (Aciclovir)","Organism|PeripheralVenousBlood|Aciclovir|Plasma (Peripheral Venous Blood)"
22,0.051794309169054,"Simulated Aciclovir Plasma (Aciclovir)","Aciclovir Plasma (Aciclovir)","Organism|PeripheralVenousBlood|Aciclovir|Plasma (Peripheral Venous Blood)"
22.05,0.0511889010667801,"Simulated Aciclovir Plasma (Aciclovir)","Aciclovir Plasma (Aciclovir)","Organism|PeripheralVenousBlood|Aciclovir|Plasma (Peripheral Venous Blood)"
22.1,0.0505909211933613,"Simulated Aciclovir Plasma (Aciclovir)","Aciclovir Plasma (Aciclovir)","Organism|PeripheralVenousBlood|Aciclovir|Plasma (Peripheral Venous Blood)"
22.15,0.0500002801418304,"Simulated Aciclovir Plasma (Aciclovir)","Aciclovir Plasma (Aciclovir)","Organism|PeripheralVenousBlood|Aciclovir|Plasma (Peripheral Venous Blood)"
22.2,0.0494168885052204,"Simulated Aciclovir Plasma (Aciclovir)","Aciclovir Plasma (Aciclovir)","Organism|PeripheralVenousBlood|Aciclovir|Plasma (Peripheral Venous Blood)"
22.25,0.0488406494259834,"Simulated Aciclovir Plasma (Aciclovir)","Aciclovir Plasma (Aciclovir)","Organism|PeripheralVenousBlood|Aciclovir|Plasma (Peripheral Venous Blood)"
22.3,0.048271469771862,"Simulated Aciclovir Plasma (Aciclovir)","Aciclovir Plasma (Aciclovir)","Organism|PeripheralVenousBlood|Aciclovir|Plasma (Peripheral Venous Blood)"
22.35,0.0477092713117599,"Simulated Aciclovir Plasma (Aciclovir)","Aciclovir Plasma (Aciclovir)","Organism|PeripheralVenousBlood|Aciclovir|Plasma (Peripheral Venous Blood)"
22.4,0.0471539385616779,"Simulated Aciclovir Plasma (Aciclovir)","Aciclovir Plasma (Aciclovir)","Organism|PeripheralVenousBlood|Aciclovir|Plasma (Peripheral Venous Blood)"
22.45,0.0466054193675518,"Simulated Aciclovir Plasma (Aciclovir)","Aciclovir Plasma (Aciclovir)","Organism|PeripheralVenousBlood|Aciclovir|Plasma (Peripheral Venous Blood)"
22.5,0.0460636094212532,"Simulated Aciclovir Plasma (Aciclovir)","Aciclovir Plasma (Aciclovir)","Organism|PeripheralVenousBlood|Aciclovir|Plasma (Peripheral Venous Blood)"
22.55,0.0455284081399441,"Simulated Aciclovir Plasma (Aciclovir)","Aciclovir Plasma (Aciclovir)","Organism|PeripheralVenousBlood|Aciclovir|Plasma (Peripheral Venous Blood)"
22.6,0.0449997596442699,"Simulated Aciclovir Plasma (Aciclovir)","Aciclovir Plasma (Aciclovir)","Organism|PeripheralVenousBlood|Aciclovir|Plasma (Peripheral Venous Blood)"
22.65,0.0444775596261024,"Simulated Aciclovir Plasma (Aciclovir)","Aciclovir Plasma (Aciclovir)","Organism|PeripheralVenousBlood|Aciclovir|Plasma (Peripheral Venous Blood)"
22.7,0.0439617298543453,"Simulated Aciclovir Plasma (Aciclovir)","Aciclovir Plasma (Aciclovir)","Organism|PeripheralVenousBlood|Aciclovir|Plasma (Peripheral Venous Blood)"
22.75,0.0434521995484829,"Simulated Aciclovir Plasma (Aciclovir)","Aciclovir Plasma (Aciclovir)","Organism|PeripheralVenousBlood|Aciclovir|Plasma (Peripheral Venous Blood)"
22.8,0.0429488718509674,"Simulated Aciclovir Plasma (Aciclovir)","Aciclovir Plasma (Aciclovir)","Organism|PeripheralVenousBlood|Aciclovir|Plasma (Peripheral Venous Blood)"
22.85,0.0424516797065735,"Simulated Aciclovir Plasma (Aciclovir)","Aciclovir Plasma (Aciclovir)","Organism|PeripheralVenousBlood|Aciclovir|Plasma (Peripheral Venous Blood)"
22.9,0.0419605299830437,"Simulated Aciclovir Plasma (Aciclovir)","Aciclovir Plasma (Aciclovir)","Organism|PeripheralVenousBlood|Aciclovir|Plasma (Peripheral Venous Blood)"
22.95,0.0414753705263138,"Simulated Aciclovir Plasma (Aciclovir)","Aciclovir Plasma (Aciclovir)","Organism|PeripheralVenousBlood|Aciclovir|Plasma (Peripheral Venous Blood)"
23,0.0409961193799973,"Simulated Aciclovir Plasma (Aciclovir)","Aciclovir Plasma (Aciclovir)","Organism|PeripheralVenousBlood|Aciclovir|Plasma (Peripheral Venous Blood)"
23.05,0.0405226908624172,"Simulated Aciclovir Plasma (Aciclovir)","Aciclovir Plasma (Aciclovir)","Organism|PeripheralVenousBlood|Aciclovir|Plasma (Peripheral Venous Blood)"
23.1,0.0400550104677677,"Simulated Aciclovir Plasma (Aciclovir)","Aciclovir Plasma (Aciclovir)","Organism|PeripheralVenousBlood|Aciclovir|Plasma (Peripheral Venous Blood)"
23.15,0.0395930111408234,"Simulated Aciclovir Plasma (Aciclovir)","Aciclovir Plasma (Aciclovir)","Organism|PeripheralVenousBlood|Aciclovir|Plasma (Peripheral Venous Blood)"
23.2,0.0391366183757782,"Simulated Aciclovir Plasma (Aciclovir)","Aciclovir Plasma (Aciclovir)","Organism|PeripheralVenousBlood|Aciclovir|Plasma (Peripheral Venous Blood)"
23.25,0.0386857688426971,"Simulated Aciclovir Plasma (Aciclovir)","Aciclovir Plasma (Aciclovir)","Organism|PeripheralVenousBlood|Aciclovir|Plasma (Peripheral Venous Blood)"
23.3,0.0382403805851936,"Simulated Aciclovir Plasma (Aciclovir)","Aciclovir Plasma (Aciclovir)","Organism|PeripheralVenousBlood|Aciclovir|Plasma (Peripheral Venous Blood)"
23.35,0.0378003902733326,"Simulated Aciclovir Plasma (Aciclovir)","Aciclovir Plasma (Aciclovir)","Organism|PeripheralVenousBlood|Aciclovir|Plasma (Peripheral Venous Blood)"
23.4,0.0373657196760178,"Simulated Aciclovir Plasma (Aciclovir)","Aciclovir Plasma (Aciclovir)","Organism|PeripheralVenousBlood|Aciclovir|Plasma (Peripheral Venous Blood)"
23.45,0.0369363203644753,"Simulated Aciclovir Plasma (Aciclovir)","Aciclovir Plasma (Aciclovir)","Organism|PeripheralVenousBlood|Aciclovir|Plasma (Peripheral Venous Blood)"
23.5,0.0365121215581894,"Simulated Aciclovir Plasma (Aciclovir)","Aciclovir Plasma (Aciclovir)","Organism|PeripheralVenousBlood|Aciclovir|Plasma (Peripheral Venous Blood)"
23.55,0.0360930487513542,"Simulated Aciclovir Plasma (Aciclovir)","Aciclovir Plasma (Aciclovir)","Organism|PeripheralVenousBlood|Aciclovir|Plasma (Peripheral Venous Blood)"
23.6,0.0356790311634541,"Simulated Aciclovir Plasma (Aciclovir)","Aciclovir Plasma (Aciclovir)","Organism|PeripheralVenousBlood|Aciclovir|Plasma (Peripheral Venous Blood)"
23.65,0.035270020365715,"Simulated Aciclovir Plasma (Aciclovir)","Aciclovir Plasma (Aciclovir)","Organism|PeripheralVenousBlood|Aciclovir|Plasma (Peripheral Venous Blood)"
23.7,0.0348659493029118,"Simulated Aciclovir Plasma (Aciclovir)","Aciclovir Plasma (Aciclovir)","Organism|PeripheralVenousBlood|Aciclovir|Plasma (Peripheral Venous Blood)"
23.75,0.0344667583703995,"Simulated Aciclovir Plasma (Aciclovir)","Aciclovir Plasma (Aciclovir)","Organism|PeripheralVenousBlood|Aciclovir|Plasma (Peripheral Venous Blood)"
23.8,0.0340723805129528,"Simulated Aciclovir Plasma (Aciclovir)","Aciclovir Plasma (Aciclovir)","Organism|PeripheralVenousBlood|Aciclovir|Plasma (Peripheral Venous Blood)"
23.85,0.0336827412247658,"Simulated Aciclovir Plasma (Aciclovir)","Aciclovir Plasma (Aciclovir)","Organism|PeripheralVenousBlood|Aciclovir|Plasma (Peripheral Venous Blood)"
23.9,0.033297810703516,"Simulated Aciclovir Plasma (Aciclovir)","Aciclovir Plasma (Aciclovir)","Organism|PeripheralVenousBlood|Aciclovir|Plasma (Peripheral Venous Blood)"
23.95,0.0329174995422363,"Simulated Aciclovir Plasma (Aciclovir)","Aciclovir Plasma (Aciclovir)","Organism|PeripheralVenousBlood|Aciclovir|Plasma (Peripheral Venous Blood)"
24,0.0325417816638947,"Simulated Aciclovir Plasma (Aciclovir)","Aciclovir Plasma (Aciclovir)","Organism|PeripheralVenousBlood|Aciclovir|Plasma (Peripheral Venous Blood)"
